Meal_ID,Meal_Name,Cuisine,Calories,Protein,Carbohydrates,Fat,Fiber,Cost,Is_Vegetarian,Meal_Type,Prep_Time,Base_Rating
1,Grilled Turkey with Oats,Mexican,604,39,100,5,9,98,0,Breakfast,37,3.9
2,Baked Lentils & Rice Bowl with Spinach,Asian,510,30,68,13,9,117,1,Lunch,10,4.6
3,Grilled Fish Bites,Italian,357,25,32,14,4,79,0,Snack,6,4.7
4,Greek Yogurt with Honey,Indian,234,14,35,4,4,47,1,Snack,9,4.2
5,Roasted Beans,American,215,5,35,6,5,29,1,Snack,9,4.1
6,Oats with Fruits & Nuts,Asian,550,16,83,17,13,94,1,Breakfast,40,3.7
7,Grilled Pork & Rice Bowl with Mushroom,Asian,477,37,66,7,5,122,0,Lunch,11,4.0
8,Baked Beef & Wrap Bowl with Broccoli,Indian,451,52,31,13,3,65,0,Lunch,24,4.2
9,Spicy Paneer & Oats Bowl with Salad,Asian,322,22,33,11,5,44,1,Lunch,31,4.9
10,Spicy Fish with Quinoa,Indian,688,29,107,16,4,154,0,Breakfast,40,4.4
11,Spicy Pork & Bread Bowl with Mixed Veggies,Mediterranean,602,55,41,24,6,136,0,Dinner,12,4.1
12,Baked Tofu & Oats Bowl with Mixed Veggies,Italian,784,27,139,13,14,59,1,Dinner,18,3.6
13,Grilled Egg Bites,Mediterranean,246,23,31,3,0,71,0,Snack,7,3.7
14,Grilled Egg & Wrap Bowl with Salad,American,648,57,62,19,4,163,0,Dinner,14,3.5
15,Grilled Pork Bites,Indian,365,14,50,12,4,73,0,Snack,6,4.8
16,Baked Chicken with Rice,American,422,40,52,6,4,111,0,Breakfast,22,4.0
17,Pasta with Spinach,Asian,741,22,107,25,7,71,1,Breakfast,38,3.8
18,Oats with Fruits & Nuts,American,393,27,21,22,13,91,1,Breakfast,40,4.1
19,Grilled Turkey Bites,Mediterranean,153,28,5,2,4,81,0,Snack,7,3.8
20,Creamy Beef with Potato,Mexican,559,34,65,18,8,145,0,Breakfast,21,3.6
21,Baked Pork & Potato Bowl with Broccoli,Mexican,407,20,36,20,2,78,0,Lunch,11,4.4
22,Grilled Pork Bites,Asian,184,20,21,2,1,70,0,Snack,4,4.5
23,Oats with Fruits & Nuts,Indian,514,13,104,5,13,54,1,Breakfast,41,4.2
24,Oats with Fruits & Nuts,Asian,823,22,125,26,4,65,1,Breakfast,19,3.8
25,Roasted Pork with Quinoa,Mediterranean,518,52,64,6,9,79,0,Breakfast,38,3.8
26,Creamy Chicken with Pasta,Asian,787,48,106,19,11,89,0,Breakfast,5,4.3
27,Greek Yogurt with Honey,Indian,223,22,20,6,3,56,0,Snack,3,3.8
28,Wrap with Mushroom,Indian,480,13,75,14,9,51,1,Breakfast,5,4.9
29,Grilled Fish Bites,American,129,26,1,2,3,61,0,Snack,8,4.7
30,Creamy Egg with Oats,Indian,625,50,54,23,3,136,0,Breakfast,12,4.8
31,Grilled Chickpeas & Wrap Bowl with Mixed Veggies,Mexican,444,31,59,9,10,101,1,Dinner,7,4.0
32,Greek Yogurt with Honey,Italian,263,6,50,4,4,39,1,Snack,5,4.2
33,Grilled Fish with Oats,Italian,423,46,12,21,10,110,0,Breakfast,10,4.2
34,Baked Chicken & Rice Bowl with Broccoli,American,610,35,77,18,6,153,0,Lunch,15,4.7
35,Roasted Beans,Mediterranean,194,14,27,3,7,19,1,Snack,3,4.0
36,Oats with Fruits & Nuts,American,650,30,119,6,6,86,1,Breakfast,8,4.5
37,Creamy Turkey with Quinoa,American,747,30,78,35,2,142,0,Breakfast,38,4.2
38,Potato with Salad,Italian,352,26,21,18,10,53,1,Breakfast,17,4.8
39,Fried Pork & Quinoa Bowl with Broccoli,Indian,454,33,44,16,8,70,0,Lunch,26,4.1
40,Spicy Beef & Quinoa Bowl with Broccoli,Indian,377,41,12,18,11,91,0,Lunch,43,3.8
41,Creamy Chicken & Quinoa Bowl with Spinach,Indian,869,43,84,40,3,104,0,Dinner,42,3.8
42,Fried Egg & Quinoa Bowl with Broccoli,Mediterranean,974,50,126,30,8,164,0,Dinner,10,4.5
43,Fried Pork & Pasta Bowl with Spinach,Asian,879,47,121,23,4,125,0,Lunch,29,4.5
44,Fried Egg with Potato,Asian,733,34,106,19,3,126,0,Breakfast,33,3.8
45,Grilled Beans & Quinoa Bowl with Salad,American,610,37,79,16,6,106,1,Dinner,27,4.4
46,Roasted Beans,Asian,284,9,35,12,3,23,1,Snack,2,4.1
47,Mild Egg & Potato Bowl with Broccoli,Asian,535,32,83,8,8,89,0,Lunch,23,3.6
48,Mild Beef & Wrap Bowl with Salad,American,545,57,65,6,11,139,0,Dinner,27,4.9
49,Roasted Chicken with Quinoa,Indian,449,37,30,20,4,105,0,Breakfast,34,4.1
50,Grilled Fish & Bread Bowl with Spinach,Indian,532,62,12,26,7,147,0,Dinner,39,4.5
51,Quinoa with Broccoli,Mediterranean,615,17,107,13,13,89,1,Breakfast,24,3.9
52,Creamy Tofu & Quinoa Bowl with Salad,Mediterranean,560,28,60,23,5,97,1,Lunch,34,3.6
53,Roasted Pork & Quinoa Bowl with Spinach,Mexican,519,34,37,26,10,87,0,Dinner,18,3.6
54,Greek Yogurt with Honey,Mexican,272,21,42,2,4,75,0,Snack,4,4.8
55,Greek Yogurt with Honey,Italian,346,26,15,20,3,69,0,Snack,8,4.1
56,Grilled Beef Bites,Indian,244,22,30,4,1,53,0,Snack,9,3.8
57,Creamy Chickpeas & Rice Bowl with Mushroom,Asian,762,42,83,29,11,73,1,Dinner,9,3.6
58,Spicy Fish & Bread Bowl with Salad,Asian,613,41,85,12,5,88,0,Lunch,30,3.8
59,Grilled Lentils & Rice Bowl with Mushroom,Indian,381,32,40,10,11,42,1,Lunch,12,3.8
60,Roasted Tofu,Italian,130,9,7,7,6,32,1,Snack,8,4.9
61,Fried Chicken & Pasta Bowl with Salad,Mediterranean,914,46,99,37,3,123,0,Dinner,32,3.9
62,Spicy Fish & Rice Bowl with Salad,American,590,27,57,28,10,147,0,Dinner,38,4.9
63,Spicy Lentils & Rice Bowl with Broccoli,Indian,825,27,127,23,15,137,1,Dinner,14,3.6
64,Grilled Fish Bites,Italian,226,31,9,7,2,84,0,Snack,4,4.2
65,Roasted Paneer & Oats Bowl with Mixed Veggies,Indian,452,30,38,20,8,75,1,Lunch,14,4.9
66,Baked Chickpeas & Quinoa Bowl with Spinach,Asian,488,16,83,10,14,74,1,Lunch,20,3.9
67,Fried Fish & Wrap Bowl with Mushroom,Mediterranean,750,48,103,16,6,140,0,Lunch,6,3.9
68,Greek Yogurt with Honey,Indian,398,15,44,18,7,39,1,Snack,9,4.1
69,Mild Chicken & Wrap Bowl with Mushroom,Asian,463,45,48,10,7,115,0,Dinner,8,4.1
70,Spicy Beans & Potato Bowl with Mushroom,Indian,373,12,40,18,8,96,1,Lunch,12,4.7
71,Fried Tofu & Pasta Bowl with Salad,Indian,708,37,65,33,8,67,1,Dinner,39,4.9
72,Grilled Beef Bites,Asian,138,19,11,2,2,69,0,Snack,3,4.8
73,Grilled Tofu & Potato Bowl with Salad,Indian,730,43,81,26,14,100,1,Dinner,18,4.9
74,Grilled Fish & Oats Bowl with Spinach,Mexican,450,32,28,23,7,109,0,Lunch,35,3.9
75,Spicy Beef & Rice Bowl with Salad,American,626,52,48,25,14,115,0,Dinner,11,4.0
76,Spicy Beef & Rice Bowl with Salad,Italian,378,40,38,7,14,170,0,Dinner,30,4.7
77,Baked Chickpeas & Quinoa Bowl with Salad,American,547,32,86,8,7,50,1,Lunch,15,3.7
78,Grilled Egg & Bread Bowl with Spinach,Indian,402,45,10,20,8,81,0,Lunch,31,4.3
79,Baked Turkey & Rice Bowl with Broccoli,Mexican,831,34,149,11,5,163,0,Dinner,25,4.9
80,Grilled Beef Bites,Mexican,374,18,30,20,3,77,0,Snack,8,4.9
81,Greek Yogurt with Honey,Asian,320,6,31,19,6,30,1,Snack,9,4.5
82,Greek Yogurt with Honey,Indian,147,9,7,9,4,30,1,Snack,2,5.0
83,Greek Yogurt with Honey,Italian,277,22,40,3,3,71,0,Snack,6,4.8
84,Pasta with Mushroom,Indian,412,37,25,18,11,105,1,Breakfast,39,4.3
85,Spicy Pork with Rice,American,509,45,46,16,10,104,0,Breakfast,40,3.8
86,Baked Fish with Quinoa,American,401,45,12,19,3,79,0,Breakfast,5,4.8
87,Bread with Broccoli,Mediterranean,819,10,149,20,14,95,1,Breakfast,22,3.9
88,Baked Beans & Potato Bowl with Mixed Veggies,Indian,693,23,134,7,11,114,1,Lunch,39,4.8
89,Potato with Salad,Mexican,630,22,124,5,8,93,1,Breakfast,6,4.9
90,Roasted Paneer,Mediterranean,389,11,52,15,7,47,1,Snack,9,3.9
91,Grilled Fish Bites,Asian,270,23,24,9,1,78,0,Snack,2,4.2
92,Grilled Beef Bites,Mexican,396,18,42,17,1,86,0,Snack,2,4.1
93,Grilled Chicken Bites,Mediterranean,277,27,37,2,1,76,0,Snack,3,4.1
94,Creamy Egg & Potato Bowl with Broccoli,American,667,35,50,36,11,63,0,Lunch,14,3.6
95,Oats with Fruits & Nuts,Mediterranean,825,11,159,16,7,98,1,Breakfast,40,3.6
96,Fried Chickpeas & Bread Bowl with Spinach,Mediterranean,699,18,111,20,6,71,1,Lunch,19,3.6
97,Mild Turkey & Oats Bowl with Mushroom,Italian,575,28,82,15,14,157,0,Dinner,25,3.6
98,Grilled Fish with Pasta,Mexican,697,29,111,15,8,85,0,Breakfast,13,4.8
99,Greek Yogurt with Honey,Mediterranean,135,17,5,5,1,60,0,Snack,8,3.7
100,Baked Beans & Wrap Bowl with Mushroom,Italian,713,20,111,21,8,67,1,Dinner,17,3.7
101,Fried Turkey with Pasta,Indian,639,45,67,21,3,149,0,Breakfast,25,3.9
102,Roasted Tofu,American,137,7,9,8,5,21,1,Snack,4,3.7
103,Spicy Lentils & Potato Bowl with Broccoli,Asian,302,11,46,8,6,86,1,Lunch,9,4.0
104,Grilled Chicken Bites,Mediterranean,195,21,12,7,1,58,0,Snack,7,4.2
105,Baked Chickpeas & Oats Bowl with Broccoli,Asian,411,20,28,24,7,117,1,Lunch,21,4.7
106,Mild Pork with Potato,Mexican,639,44,104,5,2,86,0,Breakfast,26,3.6
107,Mild Tofu & Quinoa Bowl with Mixed Veggies,Mediterranean,318,36,23,9,12,77,1,Lunch,36,4.6
108,Roasted Fish with Rice,American,321,23,19,17,2,103,0,Breakfast,28,4.8
109,Fried Beans & Bread Bowl with Spinach,Italian,805,26,103,32,14,64,1,Lunch,6,3.5
110,Spicy Pork with Oats,Indian,672,41,91,16,2,140,0,Breakfast,12,3.8
111,Roasted Beef & Oats Bowl with Mixed Veggies,Asian,595,49,68,14,10,79,0,Dinner,23,3.6
112,Roasted Pork & Potato Bowl with Spinach,Indian,483,56,44,9,4,104,0,Lunch,23,4.0
113,Fried Pork & Pasta Bowl with Mushroom,Asian,842,42,121,21,9,115,0,Lunch,43,3.7
114,Creamy Chickpeas & Rice Bowl with Mushroom,Mexican,609,35,61,25,10,103,1,Lunch,27,4.1
115,Roasted Chicken with Oats,Indian,667,25,128,6,7,138,0,Breakfast,20,3.7
116,Creamy Paneer & Wrap Bowl with Mushroom,Indian,942,20,139,34,14,120,1,Dinner,38,3.7
117,Grilled Chicken Bites,Asian,230,26,15,7,3,56,0,Snack,3,4.8
118,Roasted Turkey with Quinoa,Asian,334,29,43,5,5,109,0,Breakfast,15,4.8
119,Fried Paneer & Bread Bowl with Broccoli,Asian,464,32,43,18,6,47,1,Lunch,31,4.3
120,Grilled Fish Bites,Asian,278,18,33,8,2,39,0,Snack,2,4.6
121,Grilled Chicken & Wrap Bowl with Mixed Veggies,Italian,662,48,72,20,2,155,0,Lunch,7,3.7
122,Grilled Fish Bites,Indian,270,26,30,5,1,57,0,Snack,9,3.8
123,Baked Paneer & Potato Bowl with Spinach,Asian,615,14,128,5,10,96,1,Lunch,38,4.2
124,Oats with Fruits & Nuts,Indian,576,29,72,19,13,91,1,Breakfast,16,3.6
125,Spicy Turkey with Potato,Mexican,300,55,2,8,7,109,0,Breakfast,36,3.7
126,Oats with Fruits & Nuts,Italian,594,26,79,19,7,116,1,Breakfast,25,4.7
127,Creamy Egg & Potato Bowl with Broccoli,Italian,834,27,91,40,10,90,0,Dinner,41,4.9
128,Grilled Egg Bites,Mediterranean,207,25,6,9,1,50,0,Snack,8,5.0
129,Fried Pork with Pasta,Asian,755,31,85,32,4,124,0,Breakfast,40,4.8
130,Oats with Fruits & Nuts,Mediterranean,441,33,45,14,10,51,1,Breakfast,27,4.1
131,Creamy Chickpeas & Quinoa Bowl with Salad,Mediterranean,866,10,139,30,14,85,1,Lunch,33,5.0
132,Fried Fish & Rice Bowl with Salad,Mediterranean,543,24,55,25,11,141,0,Lunch,26,4.1
133,Spicy Tofu & Potato Bowl with Salad,Italian,555,13,80,20,11,44,1,Lunch,15,4.9
134,Grilled Egg & Rice Bowl with Salad,Mexican,632,58,61,17,8,93,0,Dinner,24,4.1
135,Bread with Mixed Veggies,Mediterranean,879,27,109,37,5,64,1,Breakfast,43,4.9
136,Roasted Turkey & Oats Bowl with Salad,American,460,40,41,15,8,155,0,Dinner,8,4.5
137,Greek Yogurt with Honey,Italian,296,9,29,16,5,39,1,Snack,5,4.1
138,Grilled Turkey Bites,Mediterranean,264,29,28,4,3,77,0,Snack,6,4.0
139,Baked Turkey & Quinoa Bowl with Salad,Indian,662,28,94,19,10,138,0,Dinner,41,4.7
140,Fried Turkey & Wrap Bowl with Broccoli,Mexican,1068,38,159,31,5,127,0,Dinner,41,4.5
141,Greek Yogurt with Honey,Asian,133,9,4,9,7,26,1,Snack,9,4.8
142,Mild Beans & Rice Bowl with Salad,Italian,361,10,64,7,4,44,1,Lunch,19,4.3
143,Roasted Lentils,Mexican,201,14,18,8,5,29,1,Snack,2,4.0
144,Bread with Mixed Veggies,Mexican,889,36,109,34,8,93,1,Breakfast,10,3.9
145,Mild Turkey & Bread Bowl with Salad,Indian,362,26,44,9,11,79,0,Dinner,16,3.7
146,Greek Yogurt with Honey,Asian,250,32,10,9,3,72,0,Snack,4,3.6
147,Roasted Pork with Quinoa,Asian,306,37,10,13,11,101,0,Breakfast,39,4.0
148,Fried Tofu & Quinoa Bowl with Spinach,Mediterranean,860,13,159,19,8,97,1,Lunch,29,4.4
149,Roasted Lentils & Pasta Bowl with Mixed Veggies,Italian,831,28,150,13,9,105,1,Dinner,43,3.7
150,Fried Chickpeas & Wrap Bowl with Spinach,Asian,524,36,43,23,9,84,1,Lunch,10,4.5
151,Bread with Mushroom,American,300,29,21,11,7,73,1,Breakfast,23,4.2
152,Roasted Tofu,Mediterranean,172,15,19,4,5,38,1,Snack,9,4.4
153,Creamy Chickpeas & Potato Bowl with Salad,Italian,741,25,90,31,8,118,1,Lunch,12,4.3
154,Baked Pork & Potato Bowl with Broccoli,Indian,433,38,18,23,7,95,0,Lunch,27,3.8
155,Mild Chicken with Oats,American,661,54,59,23,10,119,0,Breakfast,42,4.4
156,Baked Lentils & Oats Bowl with Broccoli,Asian,633,18,120,9,10,55,1,Lunch,30,4.6
157,Fried Beef with Oats,Mediterranean,689,46,63,28,3,84,0,Breakfast,15,3.6
158,Grilled Turkey Bites,Asian,226,26,12,8,4,82,0,Snack,9,4.6
159,Fried Paneer & Potato Bowl with Salad,Mediterranean,882,27,119,33,9,61,1,Lunch,21,5.0
160,Baked Chicken & Pasta Bowl with Mushroom,Mediterranean,373,21,54,8,7,128,0,Lunch,21,3.8
161,Roasted Lentils & Wrap Bowl with Mixed Veggies,Indian,403,37,41,10,12,53,1,Lunch,41,4.4
162,Baked Fish with Potato,Mexican,524,27,59,20,2,133,0,Breakfast,23,3.6
163,Oats with Fruits & Nuts,Mediterranean,858,36,129,22,9,70,1,Breakfast,22,4.6
164,Greek Yogurt with Honey,Indian,211,5,29,8,4,37,1,Snack,4,4.9
165,Mild Beef & Wrap Bowl with Mushroom,Italian,370,45,9,17,8,143,0,Dinner,10,4.6
166,Greek Yogurt with Honey,Mediterranean,123,8,13,4,6,19,1,Snack,3,4.4
167,Oats with Fruits & Nuts,Mexican,479,28,60,14,5,116,1,Breakfast,31,4.9
168,Mild Fish with Bread,Asian,557,48,77,6,11,123,0,Breakfast,35,3.7
169,Roasted Paneer & Oats Bowl with Salad,Asian,378,35,23,16,11,73,1,Dinner,10,4.2
170,Roasted Tofu,Italian,221,8,36,5,6,34,1,Snack,7,4.0
171,Baked Paneer & Wrap Bowl with Mushroom,Mexican,827,12,138,25,17,58,1,Dinner,11,3.8
172,Grilled Beef Bites,Mediterranean,211,22,15,7,4,50,0,Snack,6,4.0
173,Spicy Beef & Pasta Bowl with Mixed Veggies,Indian,577,43,56,20,5,143,0,Dinner,27,3.6
174,Spicy Pork & Pasta Bowl with Mixed Veggies,Indian,786,37,116,19,13,145,0,Dinner,11,3.9
175,Fried Beans & Rice Bowl with Broccoli,Italian,777,37,112,20,10,45,1,Lunch,21,4.7
176,Creamy Beef & Oats Bowl with Mushroom,American,681,33,54,37,8,108,0,Lunch,27,4.1
177,Creamy Chickpeas & Rice Bowl with Broccoli,Mexican,722,28,87,29,11,88,1,Lunch,10,4.0
178,Roasted Paneer & Pasta Bowl with Broccoli,Mediterranean,368,26,32,15,5,90,1,Lunch,33,4.1
179,Fried Egg & Pasta Bowl with Broccoli,Asian,813,51,75,34,10,110,0,Lunch,10,4.8
180,Pasta with Mushroom,American,709,14,100,28,10,96,1,Breakfast,35,3.8
181,Roasted Beans,American,338,12,41,14,5,25,1,Snack,8,4.6
182,Spicy Beans & Bread Bowl with Broccoli,Indian,415,36,29,17,8,85,1,Lunch,20,4.0
183,Grilled Turkey & Rice Bowl with Mushroom,Mediterranean,673,33,94,18,7,155,0,Dinner,10,4.7
184,Baked Beef & Potato Bowl with Spinach,American,446,32,43,16,7,137,0,Lunch,43,4.1
185,Grilled Chickpeas & Bread Bowl with Mixed Veggies,Indian,652,22,116,11,8,62,1,Lunch,34,3.6
186,Grilled Chicken Bites,American,250,20,31,5,1,82,0,Snack,7,3.5
187,Grilled Fish Bites,Indian,162,22,11,3,1,79,0,Snack,3,3.7
188,Fried Turkey with Oats,Italian,653,50,61,23,11,69,0,Breakfast,44,4.3
189,Grilled Fish Bites,American,212,21,23,4,2,58,0,Snack,6,4.3
190,Greek Yogurt with Honey,Mediterranean,192,27,7,6,0,49,0,Snack,3,4.8
191,Grilled Chicken & Bread Bowl with Spinach,Indian,529,34,84,6,4,66,0,Lunch,24,4.3
192,Greek Yogurt with Honey,American,228,31,12,6,4,68,0,Snack,7,4.6
193,Creamy Turkey & Potato Bowl with Spinach,Mediterranean,772,33,103,25,13,87,0,Dinner,27,4.2
194,Roasted Beef & Pasta Bowl with Mushroom,American,539,57,12,29,8,87,0,Dinner,11,4.5
195,Roasted Turkey with Wrap,Mexican,677,32,101,16,11,87,0,Breakfast,42,4.7
196,Creamy Fish with Rice,American,561,30,67,19,10,128,0,Breakfast,11,4.3
197,Roasted Tofu & Oats Bowl with Broccoli,American,591,39,79,13,13,104,1,Lunch,21,4.6
198,Grilled Turkey with Wrap,Indian,449,30,48,15,2,107,0,Breakfast,37,4.1
199,Oats with Fruits & Nuts,Asian,813,22,131,22,9,51,1,Breakfast,27,4.0
200,Spicy Beef & Wrap Bowl with Salad,Asian,552,45,68,11,12,176,0,Dinner,38,4.9
201,Rice with Salad,American,318,36,21,10,10,89,1,Breakfast,42,4.8
202,Baked Chicken & Potato Bowl with Broccoli,Mexican,460,44,48,10,11,135,0,Lunch,43,4.2
203,Fried Beans & Pasta Bowl with Mixed Veggies,Italian,597,18,61,31,14,80,1,Lunch,26,4.8
204,Baked Tofu & Pasta Bowl with Spinach,Mediterranean,389,39,6,23,14,67,1,Dinner,17,4.1
205,Mild Chickpeas & Pasta Bowl with Salad,American,767,20,115,25,10,56,1,Dinner,5,4.4
206,Baked Beans & Pasta Bowl with Spinach,Indian,521,17,86,12,11,136,1,Dinner,8,4.8
207,Greek Yogurt with Honey,American,216,28,12,6,3,67,0,Snack,7,4.4
208,Spicy Chicken with Rice,Indian,366,52,12,12,5,75,0,Breakfast,43,4.3
209,Fried Beans & Rice Bowl with Salad,American,487,21,58,19,8,82,1,Lunch,21,4.1
210,Creamy Egg with Bread,Indian,572,36,59,21,7,75,0,Breakfast,39,3.8
211,Baked Chicken & Quinoa Bowl with Mushroom,Italian,555,20,100,8,7,71,0,Lunch,20,4.1
212,Oats with Fruits & Nuts,Asian,807,10,144,21,6,73,1,Breakfast,30,3.6
213,Roasted Tofu,Indian,394,10,52,16,7,26,1,Snack,8,4.2
214,Grilled Beans & Bread Bowl with Mushroom,Mediterranean,587,13,113,9,8,97,1,Dinner,22,3.6
215,Spicy Fish & Oats Bowl with Mushroom,Asian,469,45,43,13,6,76,0,Lunch,7,4.1
216,Fried Lentils & Wrap Bowl with Spinach,American,602,12,102,16,15,109,1,Lunch,25,4.0
217,Oats with Fruits & Nuts,Mediterranean,312,29,1,21,6,103,1,Breakfast,5,4.7
218,Spicy Chickpeas & Potato Bowl with Salad,American,541,10,102,10,12,82,1,Lunch,10,3.6
219,Grilled Pork Bites,Mexican,255,23,22,8,3,87,0,Snack,8,4.5
220,Potato with Spinach,Asian,447,24,51,16,10,57,1,Breakfast,29,4.8
221,Creamy Beans & Bread Bowl with Broccoli,Asian,686,21,112,17,5,51,1,Lunch,44,4.4
222,Roasted Tofu,American,264,15,44,3,5,16,1,Snack,9,3.5
223,Grilled Egg Bites,Mediterranean,202,18,16,7,4,62,0,Snack,5,4.1
224,Greek Yogurt with Honey,Mediterranean,335,10,42,14,5,34,1,Snack,2,4.4
225,Creamy Pork with Oats,Indian,508,36,41,22,9,90,0,Breakfast,24,4.5
226,Grilled Beans & Potato Bowl with Spinach,Mediterranean,556,36,62,18,14,68,1,Lunch,31,3.8
227,Roasted Tofu,Indian,199,11,32,3,3,41,1,Snack,8,4.5
228,Fried Beans & Potato Bowl with Spinach,Mediterranean,1057,28,175,27,8,99,1,Dinner,6,3.7
229,Creamy Tofu & Wrap Bowl with Broccoli,Asian,1110,39,153,38,9,81,1,Dinner,29,4.1
230,Fried Lentils & Potato Bowl with Salad,Mediterranean,745,46,54,38,5,99,1,Dinner,19,4.5
231,Baked Fish & Potato Bowl with Broccoli,Italian,649,57,58,21,6,122,0,Dinner,35,4.7
232,Roasted Beans & Quinoa Bowl with Broccoli,Mediterranean,570,19,62,27,13,52,1,Dinner,35,4.7
233,Grilled Fish Bites,Mexican,316,26,21,14,2,82,0,Snack,5,3.7
234,Wrap with Spinach,Asian,595,33,59,25,9,105,1,Breakfast,23,3.6
235,Grilled Turkey Bites,Italian,272,30,17,9,3,81,0,Snack,4,3.9
236,Creamy Pork & Quinoa Bowl with Mixed Veggies,Italian,641,48,31,36,2,87,0,Lunch,16,4.6
237,Grilled Fish Bites,Italian,223,27,24,2,3,76,0,Snack,5,4.1
238,Roasted Chickpeas & Bread Bowl with Spinach,Mediterranean,618,24,99,14,12,72,1,Lunch,32,3.7
239,Grilled Egg with Oats,Indian,659,42,75,21,10,153,0,Breakfast,26,4.1
240,Roasted Beans,Indian,188,6,25,7,4,20,1,Snack,5,5.0
241,Mild Turkey & Wrap Bowl with Spinach,Mediterranean,801,35,145,9,11,114,0,Dinner,42,5.0
242,Greek Yogurt with Honey,American,324,25,15,18,2,38,0,Snack,9,4.4
243,Mild Lentils & Oats Bowl with Salad,Indian,671,19,94,24,12,77,1,Lunch,24,4.6
244,Baked Pork with Potato,American,512,45,33,22,10,81,0,Breakfast,40,4.3
245,Greek Yogurt with Honey,Italian,386,11,51,15,4,24,1,Snack,9,3.5
246,Bread with Mushroom,Indian,771,32,84,34,7,108,1,Breakfast,13,3.7
247,Baked Chickpeas & Rice Bowl with Broccoli,American,465,42,15,26,12,89,1,Dinner,16,3.6
248,Baked Beans & Pasta Bowl with Mixed Veggies,Mediterranean,831,42,105,27,11,140,1,Dinner,5,3.6
249,Quinoa with Salad,Mediterranean,530,27,89,7,5,84,1,Breakfast,34,4.3
250,Greek Yogurt with Honey,Indian,217,21,28,2,3,83,0,Snack,8,4.4
251,Spicy Chicken & Potato Bowl with Broccoli,Mediterranean,608,36,75,18,6,74,0,Lunch,28,4.8
252,Fried Chicken with Potato,Mexican,504,51,25,22,9,102,0,Breakfast,12,4.3
253,Grilled Egg with Potato,Italian,695,27,133,6,8,115,0,Breakfast,24,5.0
254,Fried Chickpeas & Rice Bowl with Salad,Italian,663,20,100,20,14,92,1,Lunch,25,4.7
255,Mild Pork & Wrap Bowl with Salad,Mexican,570,45,63,15,7,108,0,Dinner,38,4.6
256,Grilled Turkey & Potato Bowl with Spinach,Mediterranean,413,38,9,25,6,104,0,Dinner,16,4.7
257,Creamy Pork with Oats,American,565,39,52,22,2,86,0,Breakfast,19,4.3
258,Fried Turkey with Bread,Asian,771,22,105,29,7,132,0,Breakfast,28,4.3
259,Roasted Beans & Bread Bowl with Broccoli,Indian,519,27,62,18,10,105,1,Lunch,44,3.7
260,Oats with Fruits & Nuts,Mexican,660,21,108,16,11,83,1,Breakfast,21,4.9
261,Creamy Lentils & Potato Bowl with Mushroom,American,793,12,143,19,10,84,1,Lunch,20,3.7
262,Spicy Chicken & Rice Bowl with Mushroom,American,655,22,90,23,4,174,0,Dinner,37,4.8
263,Roasted Beans & Pasta Bowl with Broccoli,Asian,739,42,102,18,13,63,1,Dinner,15,4.3
264,Spicy Beans & Rice Bowl with Salad,American,687,25,117,13,14,112,1,Lunch,38,4.7
265,Mild Chicken with Pasta,Mexican,458,45,38,14,7,106,0,Breakfast,8,4.1
266,Greek Yogurt with Honey,American,212,8,24,9,6,21,1,Snack,9,4.5
267,Greek Yogurt with Honey,Indian,348,10,27,22,6,18,1,Snack,4,4.6
268,Fried Egg & Oats Bowl with Mixed Veggies,American,651,33,64,29,10,156,0,Lunch,27,3.8
269,Baked Chicken & Potato Bowl with Mushroom,American,658,32,112,9,3,113,0,Lunch,37,4.0
270,Creamy Lentils & Rice Bowl with Broccoli,Mediterranean,867,30,108,35,12,69,1,Lunch,43,5.0
271,Baked Chicken & Wrap Bowl with Mushroom,American,466,38,56,10,9,118,0,Dinner,14,4.9
272,Oats with Fruits & Nuts,Mediterranean,383,36,12,21,12,97,1,Breakfast,38,4.7
273,Spicy Pork with Quinoa,Indian,665,38,99,13,5,135,0,Breakfast,33,4.5
274,Fried Pork with Bread,American,579,31,57,25,3,151,0,Breakfast,15,4.5
275,Roasted Turkey with Wrap,Indian,384,43,5,21,7,132,0,Breakfast,25,4.4
276,Spicy Paneer & Oats Bowl with Mixed Veggies,Mediterranean,603,21,87,19,12,119,1,Lunch,25,4.8
277,Creamy Beef & Rice Bowl with Spinach,Mexican,629,45,56,25,10,120,0,Dinner,7,3.8
278,Mild Beans & Bread Bowl with Mixed Veggies,Mexican,435,22,44,19,13,96,1,Lunch,22,4.2
279,Grilled Pork Bites,Asian,257,27,21,7,2,65,0,Snack,3,3.6
280,Grilled Chicken Bites,American,304,25,15,16,3,64,0,Snack,7,4.1
281,Grilled Beans & Quinoa Bowl with Mushroom,Italian,511,36,76,7,13,48,1,Lunch,31,4.8
282,Grilled Fish Bites,Mediterranean,269,27,24,7,3,52,0,Snack,8,3.6
283,Spicy Lentils & Wrap Bowl with Spinach,Mediterranean,827,30,149,12,10,66,1,Dinner,11,3.8
284,Roasted Paneer & Wrap Bowl with Broccoli,American,671,39,108,9,12,97,1,Lunch,35,4.5
285,Baked Egg & Wrap Bowl with Spinach,Indian,336,48,11,11,7,143,0,Lunch,23,4.1
286,Creamy Pork & Wrap Bowl with Salad,American,842,41,124,20,8,101,0,Lunch,42,4.7
287,Baked Chicken with Potato,Mexican,439,44,23,19,10,116,0,Breakfast,42,4.3
288,Roasted Lentils,Asian,166,6,17,8,6,36,1,Snack,7,4.4
289,Greek Yogurt with Honey,Italian,240,31,17,5,4,57,0,Snack,3,3.6
290,Spicy Beans & Oats Bowl with Broccoli,Mediterranean,612,16,105,14,5,60,1,Lunch,35,4.9
291,Roasted Turkey with Rice,Italian,379,40,7,21,11,77,0,Breakfast,25,3.7
292,Mild Paneer & Oats Bowl with Mixed Veggies,Mexican,353,19,37,14,4,56,1,Lunch,37,4.0
293,Fried Egg & Quinoa Bowl with Mushroom,Asian,1036,34,164,27,4,173,0,Dinner,40,4.5
294,Baked Beef & Pasta Bowl with Mixed Veggies,Indian,698,54,107,6,2,140,0,Lunch,20,4.4
295,Creamy Beans & Potato Bowl with Spinach,Italian,654,38,46,35,13,72,1,Lunch,23,3.5
296,Grilled Chickpeas & Rice Bowl with Salad,Indian,378,23,49,10,8,87,1,Lunch,15,4.9
297,Mild Chickpeas & Wrap Bowl with Spinach,American,507,35,58,15,10,117,1,Dinner,7,4.3
298,Roasted Chickpeas & Pasta Bowl with Spinach,Mediterranean,608,23,72,25,13,56,1,Dinner,32,4.0
299,Creamy Beans & Quinoa Bowl with Mixed Veggies,American,870,32,129,25,13,112,1,Lunch,40,4.1
300,Spicy Egg with Bread,Italian,483,30,52,17,7,72,0,Breakfast,7,3.6
301,Mild Beef & Potato Bowl with Broccoli,Mediterranean,616,54,84,7,3,157,0,Dinner,40,3.9
302,Grilled Pork Bites,Mexican,274,29,23,7,1,69,0,Snack,4,3.8
303,Grilled Turkey Bites,Mediterranean,251,26,30,3,4,75,0,Snack,3,4.1
304,Mild Lentils & Bread Bowl with Mushroom,Indian,318,21,11,21,9,100,1,Lunch,39,4.8
305,Fried Tofu & Oats Bowl with Mushroom,Mexican,614,21,94,17,5,59,1,Lunch,9,4.6
306,Roasted Beef & Pasta Bowl with Spinach,Asian,472,54,3,27,4,140,0,Dinner,11,3.8
307,Mild Lentils & Oats Bowl with Salad,Indian,332,28,14,18,13,69,1,Lunch,29,4.2
308,Roasted Turkey with Wrap,Indian,520,46,34,22,10,155,0,Breakfast,25,4.0
309,Roasted Egg & Potato Bowl with Mushroom,Mediterranean,383,46,7,19,3,149,0,Dinner,5,4.4
310,Oats with Fruits & Nuts,Italian,388,32,49,7,11,57,1,Breakfast,29,4.7
311,Roasted Tofu,American,241,12,21,12,7,45,1,Snack,6,3.9
312,Spicy Pork & Wrap Bowl with Salad,Asian,748,63,61,28,5,105,0,Dinner,19,4.0
313,Fried Egg & Wrap Bowl with Mixed Veggies,Mexican,860,63,71,36,2,174,0,Dinner,14,4.3
314,Grilled Lentils & Oats Bowl with Spinach,Asian,605,31,79,18,4,42,1,Lunch,40,4.0
315,Roasted Egg & Wrap Bowl with Mixed Veggies,Italian,745,33,99,24,5,98,0,Dinner,18,4.7
316,Greek Yogurt with Honey,American,240,24,20,7,3,65,0,Snack,8,5.0
317,Creamy Beef & Quinoa Bowl with Spinach,Italian,963,32,127,36,12,81,0,Dinner,14,4.3
318,Greek Yogurt with Honey,Italian,215,14,30,4,5,27,1,Snack,2,4.6
319,Fried Turkey with Rice,Asian,872,33,135,22,9,88,0,Breakfast,10,4.6
320,Creamy Turkey & Wrap Bowl with Spinach,Italian,699,47,44,37,7,159,0,Lunch,28,4.8
321,Grilled Tofu & Bread Bowl with Mushroom,Asian,529,18,94,9,5,108,1,Dinner,9,4.2
322,Baked Turkey & Oats Bowl with Spinach,Mexican,564,27,69,20,5,145,0,Dinner,36,4.3
323,Fried Chicken & Wrap Bowl with Broccoli,Italian,868,43,122,23,7,80,0,Dinner,34,4.5
324,Fried Beef with Wrap,Italian,821,38,104,28,7,76,0,Breakfast,12,3.5
325,Oats with Fruits & Nuts,Mexican,456,38,49,12,9,83,1,Breakfast,5,4.5
326,Roasted Egg & Bread Bowl with Spinach,Asian,473,50,32,16,2,116,0,Lunch,43,3.9
327,Spicy Beef & Wrap Bowl with Salad,Mediterranean,538,35,70,13,12,112,0,Dinner,34,4.1
328,Roasted Turkey & Pasta Bowl with Spinach,Asian,448,33,25,24,11,150,0,Lunch,15,3.6
329,Mild Fish with Quinoa,Mexican,569,31,95,7,3,140,0,Breakfast,26,3.5
330,Grilled Turkey Bites,American,418,21,36,21,2,71,0,Snack,8,4.5
331,Baked Chickpeas & Potato Bowl with Salad,Indian,504,45,29,23,7,123,1,Dinner,42,3.6
332,Creamy Paneer & Pasta Bowl with Spinach,Indian,1071,13,167,39,14,108,1,Dinner,31,4.7
333,Roasted Lentils,Indian,320,12,27,18,5,19,1,Snack,9,4.4
334,Grilled Pork Bites,Asian,222,32,14,4,3,78,0,Snack,2,3.8
335,Roasted Chickpeas & Oats Bowl with Mushroom,Mediterranean,673,22,135,5,10,51,1,Lunch,14,4.0
336,Baked Beef with Pasta,Italian,365,31,28,14,4,133,0,Breakfast,5,3.5
337,Spicy Tofu & Potato Bowl with Mixed Veggies,American,436,42,13,24,11,136,1,Dinner,31,3.6
338,Mild Turkey & Bread Bowl with Mushroom,Indian,483,52,12,25,6,151,0,Dinner,29,3.8
339,Oats with Fruits & Nuts,American,697,30,65,35,15,117,1,Breakfast,14,3.9
340,Spicy Beans & Quinoa Bowl with Mushroom,Italian,314,30,12,16,9,56,1,Lunch,41,4.8
341,Baked Turkey & Pasta Bowl with Broccoli,Indian,491,44,65,6,10,116,0,Lunch,41,3.9
342,Grilled Beef Bites,Mediterranean,338,31,6,21,4,68,0,Snack,9,3.9
343,Spicy Beef & Rice Bowl with Salad,Indian,540,30,78,12,8,140,0,Lunch,18,4.4
344,Roasted Tofu,Mediterranean,125,10,12,4,6,43,1,Snack,3,4.5
345,Roasted Beans & Bread Bowl with Mixed Veggies,Indian,395,10,59,13,8,78,1,Lunch,32,3.8
346,Grilled Fish Bites,Italian,234,21,33,2,2,77,0,Snack,9,4.4
347,Grilled Chicken with Wrap,Mexican,361,51,16,10,6,112,0,Breakfast,37,4.8
348,Baked Egg & Quinoa Bowl with Salad,Mexican,741,35,87,28,12,118,0,Dinner,11,3.6
349,Greek Yogurt with Honey,Mediterranean,458,25,44,20,3,91,0,Snack,9,3.5
350,Grilled Pork & Pasta Bowl with Salad,Mediterranean,695,28,91,24,7,92,0,Lunch,8,4.9
351,Grilled Tofu & Oats Bowl with Spinach,Asian,453,18,59,16,11,78,1,Lunch,40,4.5
352,Roasted Lentils,Asian,177,15,24,2,5,20,1,Snack,5,4.2
353,Baked Turkey with Rice,Italian,551,37,58,19,8,87,0,Breakfast,20,4.6
354,Grilled Beans & Oats Bowl with Broccoli,Asian,772,33,103,25,5,123,1,Dinner,35,4.5
355,Spicy Pork with Pasta,Italian,591,38,98,5,9,99,0,Breakfast,24,4.7
356,Roasted Fish & Bread Bowl with Mushroom,Mexican,655,51,94,8,4,75,0,Lunch,29,3.8
357,Roasted Paneer,Mexican,211,6,26,9,3,16,1,Snack,9,5.0
358,Roasted Pork & Rice Bowl with Mushroom,Indian,453,40,12,27,7,135,0,Dinner,15,4.9
359,Grilled Egg Bites,Italian,258,26,31,3,3,59,0,Snack,3,4.4
360,Grilled Paneer & Bread Bowl with Mixed Veggies,American,454,42,44,12,6,108,1,Dinner,14,3.6
361,Oats with Mixed Veggies,Indian,379,33,46,7,9,54,1,Breakfast,19,4.9
362,Mild Fish with Pasta,American,415,28,37,17,11,114,0,Breakfast,24,3.7
363,Mild Chicken & Wrap Bowl with Salad,American,450,46,12,24,10,99,0,Lunch,42,4.9
364,Grilled Egg & Pasta Bowl with Broccoli,American,399,47,16,16,9,118,0,Lunch,10,4.1
365,Grilled Egg & Quinoa Bowl with Spinach,Italian,491,23,52,21,9,113,0,Lunch,41,3.6
366,Roasted Chickpeas,Mediterranean,258,10,41,6,6,17,1,Snack,2,4.4
367,Grilled Pork with Oats,Mexican,373,29,26,17,5,146,0,Breakfast,35,3.5
368,Grilled Chicken & Potato Bowl with Spinach,Indian,644,43,64,24,5,105,0,Lunch,31,5.0
369,Oats with Fruits & Nuts,American,880,30,118,32,7,69,1,Breakfast,42,4.0
370,Roasted Lentils & Rice Bowl with Broccoli,Mediterranean,669,30,85,23,14,67,1,Dinner,29,4.6
371,Fried Fish & Pasta Bowl with Spinach,Indian,819,23,109,32,4,147,0,Lunch,18,4.5
372,Greek Yogurt with Honey,Italian,331,25,15,19,1,67,0,Snack,3,4.1
373,Grilled Fish Bites,Mediterranean,193,22,12,6,1,67,0,Snack,5,4.6
374,Roasted Paneer,Mexican,185,7,25,6,4,45,1,Snack,9,4.1
375,Grilled Fish Bites,Asian,221,27,12,7,2,83,0,Snack,4,4.5
376,Oats with Fruits & Nuts,Indian,385,16,48,14,11,104,1,Breakfast,14,3.9
377,Fried Beans & Rice Bowl with Salad,Mexican,820,14,141,22,6,47,1,Lunch,42,4.5
378,Fried Beans & Quinoa Bowl with Salad,American,1008,18,186,21,14,124,1,Dinner,25,4.2
379,Fried Tofu & Wrap Bowl with Broccoli,Italian,751,12,137,17,10,95,1,Lunch,19,3.9
380,Fried Pork & Bread Bowl with Salad,Mexican,733,49,89,20,6,175,0,Dinner,5,4.0
381,Bread with Broccoli,American,578,38,90,7,11,69,1,Breakfast,21,3.7
382,Baked Egg & Quinoa Bowl with Mixed Veggies,Indian,443,33,37,18,8,117,0,Lunch,9,4.7
383,Creamy Paneer & Wrap Bowl with Mushroom,Indian,678,39,49,36,5,95,1,Lunch,38,4.7
384,Mild Beef & Bread Bowl with Spinach,Asian,789,45,114,17,12,140,0,Dinner,11,3.9
385,Oats with Fruits & Nuts,Asian,384,34,21,18,9,71,1,Breakfast,6,3.5
386,Greek Yogurt with Honey,Indian,172,29,9,2,3,73,0,Snack,8,4.9
387,Roasted Beans & Potato Bowl with Mushroom,Italian,678,30,81,26,12,127,1,Dinner,21,4.1
388,Baked Pork & Quinoa Bowl with Mushroom,Mexican,442,46,6,26,6,97,0,Dinner,36,4.6
389,Roasted Fish & Rice Bowl with Mushroom,Asian,786,39,94,28,11,153,0,Dinner,43,4.9
390,Fried Beans & Potato Bowl with Broccoli,Mexican,633,29,68,27,11,84,1,Lunch,19,3.8
391,Mild Fish with Potato,Italian,653,52,61,22,6,113,0,Breakfast,20,4.2
392,Greek Yogurt with Honey,Mexican,221,14,32,4,6,32,1,Snack,9,4.4
393,Spicy Beef & Potato Bowl with Broccoli,Mediterranean,549,32,51,24,6,114,0,Lunch,42,4.0
394,Fried Egg with Bread,Mexican,846,44,106,27,11,95,0,Breakfast,33,4.2
395,Greek Yogurt with Honey,American,224,21,21,6,0,93,0,Snack,4,4.0
396,Creamy Pork & Potato Bowl with Salad,Asian,1071,27,153,39,13,124,0,Dinner,41,4.6
397,Creamy Fish & Oats Bowl with Broccoli,Mexican,566,47,54,18,11,94,0,Lunch,22,4.7
398,Grilled Fish Bites,Indian,324,18,33,13,4,89,0,Snack,8,5.0
399,Creamy Turkey & Oats Bowl with Salad,Asian,508,48,40,17,5,113,0,Lunch,24,4.9
400,Roasted Egg with Bread,Mediterranean,588,48,51,21,5,149,0,Breakfast,37,4.9
401,Spicy Paneer & Rice Bowl with Spinach,Italian,328,11,46,11,8,57,1,Lunch,23,4.3
402,Baked Paneer & Potato Bowl with Mushroom,Asian,477,30,64,11,12,43,1,Lunch,20,3.5
403,Grilled Pork Bites,Mediterranean,170,29,4,4,1,84,0,Snack,9,4.8
404,Roasted Lentils & Quinoa Bowl with Mushroom,Asian,576,19,100,11,4,40,1,Lunch,13,4.3
405,Oats with Fruits & Nuts,Indian,462,28,58,13,12,96,1,Breakfast,11,5.0
406,Grilled Chicken with Wrap,Mediterranean,389,47,30,9,11,96,0,Breakfast,22,4.0
407,Fried Beef with Bread,Asian,775,46,69,35,4,142,0,Breakfast,23,4.4
408,Roasted Beef & Quinoa Bowl with Mixed Veggies,Mediterranean,547,48,50,17,5,127,0,Dinner,44,4.8
409,Grilled Paneer & Bread Bowl with Salad,American,448,41,35,16,13,49,1,Dinner,25,4.7
410,Oats with Fruits & Nuts,American,617,39,61,24,12,99,1,Breakfast,7,4.0
411,Grilled Beef Bites,Mediterranean,248,24,22,7,2,54,0,Snack,4,4.0
412,Rice with Mushroom,Mexican,696,30,99,20,9,113,1,Breakfast,34,3.7
413,Roasted Lentils,Indian,393,6,58,15,4,35,1,Snack,5,5.0
414,Spicy Chicken & Pasta Bowl with Mixed Veggies,Mexican,667,44,64,26,5,130,0,Dinner,19,5.0
415,Roasted Chickpeas,American,168,5,19,8,7,34,1,Snack,6,3.8
416,Oats with Fruits & Nuts,American,332,28,12,19,4,82,1,Breakfast,19,4.4
417,Greek Yogurt with Honey,American,326,12,22,21,3,29,1,Snack,9,4.4
418,Bread with Salad,Mediterranean,596,11,68,31,6,102,1,Breakfast,42,4.3
419,Mild Chickpeas & Wrap Bowl with Broccoli,Mediterranean,540,15,90,13,4,64,1,Lunch,14,4.9
420,Spicy Chickpeas & Wrap Bowl with Spinach,Asian,424,39,51,7,12,106,1,Lunch,31,4.4
421,Roasted Turkey & Quinoa Bowl with Salad,Asian,624,52,72,14,2,112,0,Lunch,13,4.5
422,Grilled Fish & Rice Bowl with Mixed Veggies,Indian,472,56,12,22,10,159,0,Lunch,6,4.5
423,Oats with Fruits & Nuts,Mexican,580,15,91,17,7,41,1,Breakfast,39,4.4
424,Wrap with Mixed Veggies,American,931,25,129,35,14,48,1,Breakfast,34,3.9
425,Oats with Fruits & Nuts,Asian,405,14,40,21,12,119,1,Breakfast,33,3.8
426,Grilled Turkey with Quinoa,Italian,406,48,37,7,8,120,0,Breakfast,29,5.0
427,Creamy Fish & Potato Bowl with Mixed Veggies,Asian,541,51,46,17,13,143,0,Dinner,41,4.9
428,Oats with Fruits & Nuts,American,621,15,88,23,14,61,1,Breakfast,8,4.6
429,Greek Yogurt with Honey,Mediterranean,315,15,18,20,7,29,1,Snack,7,4.6
430,Fried Turkey with Wrap,Indian,599,44,49,25,5,116,0,Breakfast,10,4.6
431,Spicy Fish with Quinoa,Mexican,300,46,11,8,3,85,0,Breakfast,38,4.4
432,Creamy Fish with Oats,Mexican,538,46,32,25,9,74,0,Breakfast,35,4.6
433,Oats with Fruits & Nuts,Mediterranean,593,10,95,19,11,116,1,Breakfast,25,4.8
434,Grilled Turkey Bites,Asian,186,21,5,9,1,56,0,Snack,4,4.1
435,Roasted Lentils,Indian,242,5,37,8,5,44,1,Snack,3,4.2
436,Roasted Beef & Wrap Bowl with Broccoli,Mediterranean,655,53,79,14,10,128,0,Lunch,20,4.6
437,Grilled Tofu & Quinoa Bowl with Mixed Veggies,Indian,402,20,53,12,7,110,1,Lunch,39,3.7
438,Baked Tofu & Rice Bowl with Spinach,American,504,20,56,22,8,115,1,Dinner,29,4.5
439,Roasted Beans,Indian,187,14,12,9,3,35,1,Snack,9,3.8
440,Greek Yogurt with Honey,Mexican,128,12,8,5,5,43,1,Snack,2,4.1
441,Grilled Lentils & Bread Bowl with Salad,Mediterranean,455,37,18,26,15,75,1,Dinner,10,4.0
442,Spicy Egg & Quinoa Bowl with Spinach,American,667,53,89,11,5,98,0,Lunch,23,4.4
443,Baked Paneer & Rice Bowl with Salad,Asian,552,29,91,8,9,101,1,Dinner,36,4.7
444,Creamy Lentils & Quinoa Bowl with Mixed Veggies,Italian,913,16,120,41,9,85,1,Dinner,33,4.1
445,Creamy Lentils & Rice Bowl with Mushroom,American,754,10,117,27,6,86,1,Lunch,14,3.5
446,Spicy Paneer & Rice Bowl with Broccoli,American,434,21,62,11,13,61,1,Lunch,35,4.6
447,Spicy Lentils & Pasta Bowl with Broccoli,American,605,29,106,7,14,116,1,Lunch,32,4.2
448,Grilled Fish Bites,Asian,413,19,43,18,1,41,0,Snack,6,4.2
449,Grilled Chicken Bites,American,194,27,1,9,2,74,0,Snack,6,3.7
450,Spicy Egg with Potato,Indian,577,34,58,23,5,110,0,Breakfast,7,4.1
451,Grilled Chicken Bites,Mediterranean,217,26,12,7,3,67,0,Snack,9,4.6
452,Spicy Fish & Quinoa Bowl with Mushroom,Mexican,476,35,70,6,10,87,0,Lunch,8,3.5
453,Roasted Tofu,Mexican,129,4,12,7,4,26,1,Snack,5,3.8
454,Baked Chickpeas & Quinoa Bowl with Spinach,Indian,389,29,14,24,14,53,1,Lunch,20,4.0
455,Spicy Turkey & Bread Bowl with Mushroom,Asian,309,34,7,16,7,106,0,Lunch,7,3.6
456,Fried Tofu & Wrap Bowl with Mushroom,Asian,1041,47,148,29,17,88,1,Dinner,15,4.1
457,Mild Chickpeas & Bread Bowl with Broccoli,Italian,668,17,107,19,13,77,1,Dinner,11,4.8
458,Grilled Pork with Oats,Indian,460,30,71,6,3,157,0,Breakfast,32,4.4
459,Roasted Fish & Wrap Bowl with Spinach,Indian,538,46,41,21,8,134,0,Lunch,35,3.5
460,Rice with Mushroom,Asian,685,34,67,31,14,61,1,Breakfast,10,4.4
461,Grilled Chicken Bites,Italian,183,23,2,9,2,80,0,Snack,6,4.1
462,Mild Chicken with Potato,Mediterranean,617,23,120,5,9,135,0,Breakfast,17,3.7
463,Roasted Lentils & Wrap Bowl with Spinach,Asian,519,43,59,12,10,134,1,Dinner,36,4.8
464,Spicy Turkey & Bread Bowl with Mushroom,Mediterranean,418,49,24,14,5,150,0,Lunch,21,4.6
465,Roasted Tofu & Potato Bowl with Salad,Italian,329,19,27,16,12,89,1,Lunch,42,3.7
466,Fried Turkey & Wrap Bowl with Mixed Veggies,Mediterranean,979,45,114,38,10,135,0,Lunch,15,5.0
467,Mild Beans & Rice Bowl with Mixed Veggies,Mediterranean,693,32,112,13,9,127,1,Dinner,43,4.6
468,Greek Yogurt with Honey,Indian,159,24,9,3,2,72,0,Snack,5,4.4
469,Spicy Tofu & Pasta Bowl with Spinach,Mediterranean,659,24,98,19,11,55,1,Dinner,13,4.2
470,Mild Tofu & Wrap Bowl with Salad,Mediterranean,535,22,82,13,11,119,1,Dinner,8,3.7
471,Fried Turkey with Potato,Italian,608,47,64,18,4,160,0,Breakfast,18,4.1
472,Roasted Fish & Rice Bowl with Salad,Indian,380,35,10,22,6,129,0,Lunch,22,4.8
473,Spicy Beef & Rice Bowl with Mushroom,Mexican,664,57,68,18,9,67,0,Lunch,37,4.4
474,Spicy Tofu & Pasta Bowl with Salad,Mediterranean,371,14,54,11,9,53,1,Lunch,17,4.2
475,Creamy Lentils & Potato Bowl with Mixed Veggies,Asian,968,16,129,43,15,63,1,Dinner,16,3.7
476,Oats with Spinach,American,369,33,12,21,6,52,1,Breakfast,23,4.1
477,Creamy Pork with Rice,Mediterranean,688,53,47,32,7,93,0,Breakfast,14,4.1
478,Roasted Paneer,Mexican,183,13,12,9,6,27,1,Snack,7,3.6
479,Baked Tofu & Bread Bowl with Salad,Mexican,398,29,48,10,7,93,1,Lunch,8,4.8
480,Grilled Paneer & Pasta Bowl with Spinach,Indian,446,47,17,21,8,107,1,Dinner,7,4.4
481,Creamy Paneer & Bread Bowl with Mushroom,Asian,581,10,92,19,13,43,1,Lunch,9,3.9
482,Oats with Fruits & Nuts,Asian,670,10,132,11,7,104,1,Breakfast,9,3.6
483,Fried Pork & Bread Bowl with Spinach,Asian,928,23,146,28,12,102,0,Dinner,12,4.5
484,Grilled Paneer & Potato Bowl with Salad,Indian,718,31,112,16,14,126,1,Dinner,23,4.7
485,Greek Yogurt with Honey,Mexican,222,25,12,8,4,57,0,Snack,7,4.6
486,Fried Pork & Rice Bowl with Broccoli,American,581,63,39,19,3,160,0,Dinner,7,4.5
487,Roasted Pork & Potato Bowl with Salad,American,378,36,24,15,8,85,0,Lunch,28,4.4
488,Roasted Chickpeas,Italian,201,7,25,8,5,46,1,Snack,8,4.0
489,Baked Pork & Potato Bowl with Mushroom,Mexican,691,31,123,8,7,156,0,Dinner,39,3.6
490,Creamy Chickpeas & Quinoa Bowl with Broccoli,American,854,39,122,23,17,141,1,Dinner,42,4.7
491,Roasted Lentils,Italian,262,10,42,6,3,43,1,Snack,6,3.8
492,Grilled Egg & Quinoa Bowl with Mushroom,American,700,53,65,25,7,104,0,Dinner,36,3.5
493,Spicy Chicken with Rice,Italian,413,26,43,15,6,140,0,Breakfast,37,4.4
494,Grilled Chicken & Quinoa Bowl with Spinach,Italian,661,32,92,18,2,115,0,Lunch,37,5.0
495,Roasted Beef & Pasta Bowl with Mushroom,Italian,333,45,6,14,5,87,0,Lunch,31,4.2
496,Oats with Fruits & Nuts,Indian,697,10,126,17,7,99,1,Breakfast,43,3.7
497,Oats with Fruits & Nuts,Indian,402,36,33,14,5,95,1,Breakfast,34,4.3
498,Baked Paneer & Rice Bowl with Mixed Veggies,Mediterranean,795,28,121,22,13,90,1,Dinner,24,5.0
499,Grilled Turkey & Potato Bowl with Mixed Veggies,Indian,827,51,128,12,11,158,0,Dinner,43,5.0
500,Spicy Turkey & Pasta Bowl with Mixed Veggies,Italian,579,51,75,8,13,149,0,Dinner,41,4.2
501,Quinoa with Mushroom,Asian,541,21,55,26,9,102,1,Breakfast,37,4.2
502,Grilled Egg Bites,Asian,302,33,11,14,1,45,0,Snack,7,3.8
503,Roasted Egg & Bread Bowl with Broccoli,Italian,532,38,83,5,6,95,0,Lunch,43,3.7
504,Grilled Turkey Bites,Indian,363,33,17,18,2,58,0,Snack,7,3.8
505,Rice with Spinach,Indian,375,16,48,13,4,73,1,Breakfast,29,3.7
506,Roasted Paneer & Pasta Bowl with Spinach,Asian,447,31,56,11,4,49,1,Dinner,31,4.9
507,Roasted Turkey & Bread Bowl with Salad,Italian,355,45,5,17,2,128,0,Lunch,42,3.5
508,Grilled Turkey Bites,American,382,21,45,13,4,68,0,Snack,8,4.7
509,Mild Lentils & Oats Bowl with Mushroom,Asian,421,18,69,8,13,113,1,Lunch,36,4.7
510,Roasted Paneer & Quinoa Bowl with Spinach,American,454,14,74,11,15,126,1,Dinner,24,4.1
511,Grilled Chicken Bites,Mediterranean,221,19,29,3,2,75,0,Snack,6,3.7
512,Roasted Paneer,Indian,437,5,57,21,7,22,1,Snack,9,4.3
513,Roasted Beans & Oats Bowl with Mixed Veggies,Asian,620,30,95,13,12,128,1,Dinner,15,4.2
514,Greek Yogurt with Honey,Mediterranean,375,30,14,22,3,70,0,Snack,8,4.1
515,Mild Tofu & Pasta Bowl with Broccoli,American,561,18,68,24,13,77,1,Lunch,12,4.6
516,Spicy Beans & Bread Bowl with Broccoli,Asian,538,26,86,10,11,102,1,Lunch,33,3.7
517,Grilled Lentils & Pasta Bowl with Broccoli,Indian,468,47,20,22,5,85,1,Dinner,17,3.7
518,Roasted Paneer,American,352,13,36,17,4,25,1,Snack,7,3.9
519,Creamy Turkey & Bread Bowl with Mushroom,American,685,31,77,28,8,113,0,Lunch,37,3.8
520,Bread with Mushroom,American,511,14,102,5,13,63,1,Breakfast,10,4.0
521,Greek Yogurt with Honey,Asian,127,5,11,7,6,37,1,Snack,9,4.6
522,Baked Chickpeas & Bread Bowl with Spinach,Mediterranean,397,41,26,14,5,139,1,Dinner,28,4.8
523,Roasted Chicken & Potato Bowl with Salad,Asian,648,43,103,7,10,129,0,Lunch,5,3.6
524,Fried Lentils & Pasta Bowl with Broccoli,Mexican,850,34,102,34,10,126,1,Dinner,5,5.0
525,Grilled Egg Bites,Asian,432,17,50,18,1,70,0,Snack,9,4.7
526,Oats with Fruits & Nuts,Mediterranean,691,33,124,7,13,64,1,Breakfast,43,3.5
527,Spicy Chickpeas & Potato Bowl with Salad,Asian,666,25,87,24,9,61,1,Lunch,15,4.8
528,Grilled Beef Bites,Italian,361,22,30,17,3,57,0,Snack,2,4.1
529,Mild Chickpeas & Pasta Bowl with Spinach,American,492,23,66,15,7,55,1,Lunch,38,4.0
530,Greek Yogurt with Honey,Asian,182,26,10,4,1,63,0,Snack,2,4.1
531,Oats with Fruits & Nuts,Asian,482,16,55,22,7,81,1,Breakfast,14,3.5
532,Roasted Paneer,Mediterranean,300,8,28,17,5,34,1,Snack,7,4.6
533,Roasted Chickpeas & Wrap Bowl with Broccoli,American,366,16,44,14,7,58,1,Lunch,28,4.1
534,Oats with Fruits & Nuts,Indian,446,15,83,6,12,51,1,Breakfast,25,4.1
535,Creamy Chickpeas & Rice Bowl with Mixed Veggies,Italian,719,45,83,23,7,143,1,Dinner,23,4.7
536,Grilled Beans & Rice Bowl with Salad,American,460,18,49,21,14,101,1,Dinner,44,3.5
537,Spicy Chicken & Quinoa Bowl with Spinach,Mexican,404,30,30,18,11,134,0,Lunch,41,3.9
538,Mild Chicken with Potato,Italian,610,37,77,17,8,89,0,Breakfast,14,4.4
539,Bread with Mixed Veggies,Asian,356,36,32,9,14,44,1,Breakfast,14,4.4
540,Baked Paneer & Bread Bowl with Mixed Veggies,American,598,25,97,12,10,141,1,Dinner,10,4.9
541,Grilled Beef Bites,Mediterranean,245,32,18,5,1,63,0,Snack,4,3.5
542,Oats with Mushroom,Mexican,826,15,126,29,8,115,1,Breakfast,44,3.7
543,Grilled Chicken Bites,Mediterranean,324,21,17,19,3,71,0,Snack,9,3.6
544,Grilled Chicken & Bread Bowl with Mushroom,Indian,615,50,70,15,8,119,0,Lunch,23,4.5
545,Creamy Beans & Wrap Bowl with Broccoli,Indian,883,39,121,27,11,56,1,Lunch,21,4.5
546,Grilled Chicken Bites,Asian,262,16,33,7,3,62,0,Snack,2,4.4
547,Grilled Chicken with Potato,Mediterranean,586,32,65,22,7,104,0,Breakfast,33,4.2
548,Potato with Mixed Veggies,Italian,649,19,78,29,12,52,1,Breakfast,17,4.7
549,Roasted Paneer & Pasta Bowl with Spinach,Asian,698,34,82,26,9,56,1,Dinner,28,5.0
550,Greek Yogurt with Honey,Mexican,356,14,27,21,2,44,1,Snack,9,4.2
551,Spicy Turkey with Quinoa,Mexican,323,34,33,6,5,122,0,Breakfast,18,4.1
552,Roasted Beans & Rice Bowl with Spinach,American,420,15,74,7,13,47,1,Lunch,23,4.5
553,Grilled Chicken Bites,Asian,210,22,12,8,3,38,0,Snack,8,4.9
554,Baked Turkey with Wrap,Indian,444,36,52,10,4,84,0,Breakfast,24,4.7
555,Greek Yogurt with Honey,American,181,6,25,6,7,29,1,Snack,4,3.5
556,Creamy Paneer & Pasta Bowl with Spinach,Italian,741,36,86,28,13,60,1,Dinner,31,4.2
557,Spicy Tofu & Rice Bowl with Mixed Veggies,American,324,23,24,15,8,52,1,Lunch,28,4.4
558,Grilled Chicken & Wrap Bowl with Spinach,Mexican,557,41,44,24,5,129,0,Lunch,8,4.7
559,Fried Lentils & Quinoa Bowl with Spinach,Mediterranean,863,40,119,25,5,126,1,Dinner,41,4.5
560,Roasted Tofu,Italian,135,11,2,9,3,26,1,Snack,8,3.7
561,Grilled Pork & Oats Bowl with Mixed Veggies,Indian,800,65,119,7,6,163,0,Dinner,38,3.5
562,Spicy Paneer & Pasta Bowl with Mushroom,Asian,644,15,134,5,5,91,1,Lunch,23,4.2
563,Mild Tofu & Quinoa Bowl with Spinach,Asian,534,17,91,11,7,69,1,Lunch,17,3.9
564,Roasted Paneer,Italian,194,6,31,5,4,45,1,Snack,7,4.8
565,Bread with Mixed Veggies,Indian,392,15,69,6,9,95,1,Breakfast,39,4.9
566,Greek Yogurt with Honey,Italian,158,24,8,3,2,58,0,Snack,4,3.7
567,Mild Chicken with Potato,Mediterranean,440,48,12,22,5,137,0,Breakfast,37,3.6
568,Fried Paneer & Oats Bowl with Mixed Veggies,Mexican,582,15,83,21,15,140,1,Dinner,42,4.1
569,Spicy Tofu & Pasta Bowl with Mixed Veggies,Italian,541,14,76,20,8,47,1,Lunch,36,4.1
570,Fried Fish & Wrap Bowl with Mushroom,Indian,589,31,57,26,11,84,0,Lunch,11,4.8
571,Creamy Tofu & Bread Bowl with Salad,Mexican,821,36,115,24,6,92,1,Lunch,15,4.5
572,Grilled Chicken Bites,Italian,269,26,12,13,4,70,0,Snack,2,4.5
573,Spicy Chickpeas & Bread Bowl with Salad,Mexican,745,15,155,7,10,106,1,Dinner,40,3.7
574,Mild Beans & Bread Bowl with Spinach,American,800,20,121,26,16,104,1,Dinner,40,3.8
575,Spicy Chicken with Rice,Mexican,659,52,65,21,10,113,0,Breakfast,27,4.9
576,Creamy Chickpeas & Wrap Bowl with Spinach,Asian,677,35,84,22,5,95,1,Lunch,14,4.5
577,Spicy Pork & Quinoa Bowl with Mixed Veggies,Mexican,544,45,57,15,8,126,0,Lunch,24,4.0
578,Greek Yogurt with Honey,Asian,397,20,32,21,4,97,0,Snack,7,3.9
579,Baked Egg & Wrap Bowl with Broccoli,Mexican,371,44,3,20,11,106,0,Lunch,32,4.4
580,Roasted Paneer & Bread Bowl with Mixed Veggies,Mexican,631,16,83,26,17,100,1,Dinner,5,5.0
581,Spicy Lentils & Bread Bowl with Salad,Mediterranean,695,41,94,17,7,102,1,Dinner,31,4.1
582,Roasted Pork with Rice,American,352,37,21,13,4,82,0,Breakfast,28,3.6
583,Roasted Turkey & Potato Bowl with Spinach,American,705,55,67,24,10,103,0,Dinner,9,4.0
584,Roasted Tofu & Potato Bowl with Mixed Veggies,Asian,713,29,131,8,15,117,1,Dinner,19,4.7
585,Grilled Lentils & Bread Bowl with Spinach,Mexican,565,13,74,24,7,109,1,Lunch,12,3.7
586,Fried Tofu & Potato Bowl with Salad,Asian,1042,44,146,31,9,87,1,Dinner,12,4.1
587,Roasted Turkey & Wrap Bowl with Salad,American,747,45,103,17,8,155,0,Dinner,23,3.5
588,Baked Chickpeas & Quinoa Bowl with Broccoli,Asian,418,12,81,5,14,106,1,Lunch,28,4.2
589,Roasted Lentils,Mediterranean,253,8,50,2,6,36,1,Snack,9,4.3
590,Creamy Turkey with Pasta,Indian,654,52,46,29,8,141,0,Breakfast,6,5.0
591,Creamy Egg & Pasta Bowl with Spinach,American,789,57,77,28,13,107,0,Dinner,12,3.9
592,Greek Yogurt with Honey,Indian,225,14,26,7,4,76,0,Snack,9,5.0
593,Grilled Pork & Rice Bowl with Broccoli,Mediterranean,459,40,25,22,8,102,0,Dinner,17,4.6
594,Baked Egg with Rice,Italian,605,49,84,8,11,131,0,Breakfast,33,4.8
595,Potato with Spinach,Mexican,308,38,16,10,7,71,1,Breakfast,39,4.3
596,Fried Pork with Wrap,Indian,719,32,107,18,3,120,0,Breakfast,15,5.0
597,Fried Chicken with Quinoa,Mediterranean,908,33,133,27,3,77,0,Breakfast,6,5.0
598,Oats with Spinach,Indian,686,20,120,14,12,108,1,Breakfast,31,4.3
599,Greek Yogurt with Honey,Asian,140,9,14,5,4,32,1,Snack,4,5.0
600,Fried Beef & Potato Bowl with Mushroom,Italian,973,29,119,42,10,78,0,Dinner,12,4.6
601,Grilled Paneer & Bread Bowl with Salad,Mediterranean,303,10,29,16,14,106,1,Lunch,27,5.0
602,Roasted Chickpeas,Mexican,210,9,39,2,5,38,1,Snack,2,3.6
603,Roasted Turkey & Rice Bowl with Spinach,Asian,632,53,60,20,13,132,0,Dinner,14,4.4
604,Roasted Lentils & Potato Bowl with Broccoli,American,466,20,74,10,4,73,1,Lunch,5,4.5
605,Roasted Paneer,Italian,407,14,49,17,7,32,1,Snack,2,3.7
606,Grilled Chicken Bites,Mexican,272,25,27,7,2,78,0,Snack,4,3.9
607,Creamy Beans & Potato Bowl with Mushroom,Asian,949,27,138,32,11,132,1,Dinner,36,4.2
608,Grilled Turkey Bites,Mexican,175,28,9,3,2,69,0,Snack,9,4.4
609,Grilled Fish Bites,Asian,209,24,12,7,3,56,0,Snack,8,4.4
610,Baked Turkey & Bread Bowl with Salad,Mexican,553,65,32,18,5,140,0,Dinner,26,4.9
611,Grilled Turkey Bites,Mexican,170,16,22,2,2,75,0,Snack,9,4.8
612,Oats with Fruits & Nuts,American,350,14,44,13,8,69,1,Breakfast,41,3.9
613,Roasted Paneer,Mexican,231,9,42,3,5,33,1,Snack,5,4.7
614,Mild Turkey with Potato,American,418,37,51,7,5,120,0,Breakfast,36,4.0
615,Mild Paneer & Rice Bowl with Mixed Veggies,Asian,350,22,22,19,7,69,1,Lunch,9,4.5
616,Roasted Pork & Oats Bowl with Mixed Veggies,Mediterranean,312,47,15,7,6,87,0,Lunch,29,4.1
617,Grilled Chicken with Rice,Indian,575,49,61,15,11,151,0,Breakfast,16,3.8
618,Roasted Tofu,Indian,164,11,16,6,6,21,1,Snack,2,3.6
619,Roasted Beef & Bread Bowl with Spinach,Asian,753,46,128,6,11,144,0,Dinner,23,3.6
620,Mild Beans & Oats Bowl with Broccoli,Italian,831,36,113,26,12,128,1,Dinner,25,3.9
621,Grilled Egg & Oats Bowl with Spinach,Indian,789,58,101,17,3,148,0,Dinner,44,4.3
622,Grilled Pork & Pasta Bowl with Broccoli,Asian,753,37,101,22,11,113,0,Dinner,20,4.7
623,Creamy Egg & Oats Bowl with Salad,Asian,593,35,72,18,5,88,0,Lunch,32,4.3
624,Baked Lentils & Bread Bowl with Mixed Veggies,American,551,22,75,18,7,94,1,Lunch,28,4.0
625,Grilled Beef Bites,Asian,339,18,24,19,3,90,0,Snack,3,3.9
626,Roasted Chickpeas,Asian,275,11,48,4,4,39,1,Snack,8,3.5
627,Roasted Tofu,American,154,13,18,3,3,27,1,Snack,9,4.0
628,Fried Beef & Wrap Bowl with Broccoli,Indian,934,33,128,32,11,121,0,Lunch,6,4.6
629,Roasted Turkey & Rice Bowl with Spinach,Mediterranean,501,52,12,27,5,131,0,Dinner,32,4.4
630,Potato with Spinach,Asian,511,39,34,24,8,119,1,Breakfast,30,4.0
631,Creamy Pork with Bread,Indian,840,37,98,33,5,79,0,Breakfast,7,3.6
632,Oats with Fruits & Nuts,Asian,690,30,111,14,9,54,1,Breakfast,24,3.9
633,Mild Chickpeas & Quinoa Bowl with Mushroom,Mediterranean,670,16,124,12,11,116,1,Dinner,24,3.7
634,Oats with Fruits & Nuts,American,453,12,63,17,13,59,1,Breakfast,34,4.5
635,Grilled Egg Bites,Indian,244,24,21,7,3,78,0,Snack,4,4.2
636,Mild Chicken & Bread Bowl with Spinach,Mediterranean,674,39,107,10,12,75,0,Dinner,27,4.7
637,Creamy Lentils & Bread Bowl with Salad,Italian,677,24,80,29,11,70,1,Lunch,32,3.6
638,Mild Chickpeas & Bread Bowl with Spinach,Italian,372,22,17,24,7,71,1,Lunch,14,4.8
639,Grilled Lentils & Oats Bowl with Mushroom,Mexican,607,37,72,19,14,49,1,Dinner,26,4.5
640,Grilled Chickpeas & Pasta Bowl with Mixed Veggies,Mediterranean,430,22,60,11,7,114,1,Lunch,10,4.3
641,Creamy Beans & Rice Bowl with Mixed Veggies,Italian,945,22,135,35,12,71,1,Lunch,32,4.2
642,Oats with Fruits & Nuts,American,625,12,110,15,9,87,1,Breakfast,17,5.0
643,Spicy Lentils & Potato Bowl with Mushroom,Mediterranean,423,32,10,28,14,54,1,Dinner,5,4.5
644,Grilled Beef Bites,Asian,308,27,5,20,2,73,0,Snack,6,4.3
645,Spicy Beef & Rice Bowl with Salad,Mexican,357,35,4,22,4,121,0,Lunch,32,3.6
646,Spicy Tofu & Quinoa Bowl with Salad,Mediterranean,498,29,59,16,8,43,1,Lunch,33,3.7
647,Greek Yogurt with Honey,Asian,266,14,39,6,6,41,1,Snack,6,4.5
648,Potato with Salad,American,378,28,23,19,4,60,1,Breakfast,6,4.4
649,Mild Lentils & Rice Bowl with Salad,Italian,471,33,51,15,15,113,1,Lunch,8,4.3
650,Roasted Chickpeas,Mediterranean,236,6,39,6,4,36,1,Snack,6,4.4
651,Roasted Pork & Rice Bowl with Mushroom,American,512,46,39,19,9,107,0,Lunch,7,4.3
652,Spicy Turkey & Rice Bowl with Spinach,Asian,500,42,69,6,6,172,0,Dinner,25,4.8
653,Mild Tofu & Rice Bowl with Broccoli,Asian,624,22,100,15,10,109,1,Lunch,19,4.9
654,Spicy Chicken & Oats Bowl with Spinach,Italian,663,30,124,5,8,139,0,Lunch,26,3.7
655,Grilled Tofu & Oats Bowl with Mixed Veggies,Mexican,771,36,132,11,11,78,1,Dinner,22,3.7
656,Roasted Fish & Wrap Bowl with Salad,Mediterranean,585,45,51,22,9,110,0,Lunch,24,3.7
657,Grilled Fish & Quinoa Bowl with Broccoli,Asian,752,48,106,15,10,124,0,Dinner,15,4.1
658,Baked Turkey with Bread,Asian,306,37,23,7,10,135,0,Breakfast,44,4.7
659,Grilled Chicken Bites,Asian,208,25,18,4,3,67,0,Snack,4,4.3
660,Roasted Chicken with Potato,Asian,516,30,60,17,2,156,0,Breakfast,19,4.9
661,Spicy Pork & Oats Bowl with Mushroom,Mediterranean,429,58,11,17,5,168,0,Dinner,17,4.5
662,Creamy Pork & Quinoa Bowl with Salad,Italian,646,42,74,20,2,88,0,Lunch,32,4.8
663,Rice with Mushroom,Indian,489,39,63,9,6,106,1,Breakfast,14,4.7
664,Roasted Turkey & Rice Bowl with Broccoli,Mediterranean,646,28,79,24,5,137,0,Lunch,22,3.8
665,Mild Chickpeas & Wrap Bowl with Broccoli,American,627,44,83,13,7,79,1,Dinner,22,4.6
666,Creamy Beans & Oats Bowl with Salad,Indian,630,35,77,20,7,95,1,Lunch,27,4.6
667,Spicy Turkey & Potato Bowl with Mushroom,Mexican,405,35,48,8,5,114,0,Dinner,41,3.6
668,Roasted Chickpeas & Rice Bowl with Broccoli,American,552,26,82,13,10,43,1,Lunch,43,5.0
669,Grilled Turkey with Pasta,Mediterranean,568,31,97,6,8,144,0,Breakfast,27,4.2
670,Roasted Tofu,Asian,194,13,19,7,2,37,1,Snack,9,4.1
671,Roasted Tofu & Oats Bowl with Salad,Mexican,475,38,31,22,4,64,1,Lunch,17,4.9
672,Roasted Beans & Quinoa Bowl with Mixed Veggies,Asian,313,16,39,10,6,52,1,Lunch,20,4.1
673,Grilled Beans & Potato Bowl with Mixed Veggies,Italian,475,21,50,21,9,43,1,Lunch,32,3.7
674,Bread with Mushroom,Indian,455,35,49,13,13,103,1,Breakfast,36,4.0
675,Roasted Fish with Bread,Italian,529,44,41,21,7,116,0,Breakfast,39,3.9
676,Baked Turkey & Wrap Bowl with Salad,Italian,410,56,21,11,13,118,0,Dinner,37,4.1
677,Oats with Salad,American,548,20,83,15,9,43,1,Breakfast,41,4.7
678,Greek Yogurt with Honey,Mediterranean,122,6,6,8,5,31,1,Snack,6,4.3
679,Spicy Chickpeas & Quinoa Bowl with Spinach,Mexican,826,22,132,23,15,58,1,Dinner,28,4.6
680,Baked Lentils & Pasta Bowl with Mushroom,Asian,391,30,20,21,6,93,1,Dinner,16,3.7
681,Creamy Beef with Pasta,American,724,45,55,36,4,86,0,Breakfast,31,4.7
682,Roasted Lentils,Asian,436,10,56,19,6,43,1,Snack,6,4.5
683,Greek Yogurt with Honey,Mexican,169,10,12,9,6,43,1,Snack,5,4.4
684,Creamy Egg & Bread Bowl with Mixed Veggies,Mexican,815,27,91,38,8,139,0,Lunch,31,3.8
685,Grilled Turkey Bites,Mexican,232,22,29,3,2,94,0,Snack,7,4.4
686,Grilled Turkey Bites,Indian,242,30,12,8,2,61,0,Snack,4,3.9
687,Baked Fish & Bread Bowl with Salad,Indian,493,27,46,22,13,85,0,Dinner,38,3.5
688,Baked Egg & Quinoa Bowl with Spinach,Asian,423,55,12,17,10,92,0,Lunch,11,4.5
689,Mild Beans & Oats Bowl with Salad,American,569,14,87,18,6,112,1,Dinner,40,4.6
690,Spicy Tofu & Pasta Bowl with Salad,Mediterranean,426,26,51,13,15,137,1,Dinner,36,3.9
691,Potato with Mushroom,Asian,446,15,44,23,4,115,1,Breakfast,17,4.8
692,Mild Beef with Oats,Asian,676,32,119,8,5,127,0,Breakfast,35,4.0
693,Greek Yogurt with Honey,Asian,232,21,28,4,2,47,0,Snack,7,4.8
694,Roasted Beans & Bread Bowl with Mixed Veggies,Mexican,427,26,35,20,13,114,1,Lunch,27,3.8
695,Baked Turkey with Wrap,Asian,693,45,101,12,9,133,0,Breakfast,27,3.6
696,Oats with Fruits & Nuts,Italian,365,11,62,8,7,95,1,Breakfast,23,3.6
697,Grilled Pork Bites,Indian,352,30,19,17,2,75,0,Snack,4,4.1
698,Greek Yogurt with Honey,Mediterranean,272,11,39,8,8,20,1,Snack,5,3.8
699,Rice with Spinach,Mediterranean,634,12,133,6,7,49,1,Breakfast,20,3.6
700,Grilled Fish Bites,Mexican,264,24,26,7,2,59,0,Snack,2,4.3
701,Roasted Paneer,Mediterranean,270,6,45,7,5,34,1,Snack,9,4.6
702,Oats with Fruits & Nuts,Asian,713,15,102,27,6,67,1,Breakfast,29,4.0
703,Roasted Paneer & Bread Bowl with Mixed Veggies,Indian,495,34,71,8,7,135,1,Dinner,26,3.9
704,Fried Beef with Potato,Italian,573,38,37,30,10,127,0,Breakfast,37,3.6
705,Greek Yogurt with Honey,American,215,29,4,9,2,70,0,Snack,6,4.7
706,Creamy Beans & Oats Bowl with Mixed Veggies,American,846,21,138,23,4,61,1,Lunch,41,3.6
707,Grilled Beef Bites,Italian,325,19,33,13,4,58,0,Snack,9,4.8
708,Oats with Fruits & Nuts,Asian,380,36,11,21,10,71,1,Breakfast,9,3.7
709,Roasted Beef & Bread Bowl with Mushroom,Italian,584,24,92,13,2,127,0,Lunch,14,4.8
710,Grilled Turkey & Potato Bowl with Salad,Indian,522,36,33,27,4,87,0,Dinner,42,4.6
711,Roasted Chickpeas & Rice Bowl with Mushroom,Mexican,541,22,59,24,10,73,1,Dinner,42,4.2
712,Grilled Egg Bites,American,249,34,12,7,3,57,0,Snack,4,4.4
713,Mild Beef & Pasta Bowl with Mushroom,Mediterranean,816,47,125,14,13,167,0,Dinner,33,3.6
714,Grilled Fish & Potato Bowl with Salad,Mexican,392,36,39,10,2,105,0,Lunch,13,4.2
715,Baked Beans & Rice Bowl with Mushroom,Indian,433,26,35,21,12,64,1,Dinner,25,4.6
716,Roasted Beans & Wrap Bowl with Broccoli,American,676,38,81,22,9,89,1,Lunch,23,4.4
717,Fried Turkey & Oats Bowl with Broccoli,Italian,640,47,70,19,9,85,0,Dinner,14,4.9
718,Creamy Chicken with Potato,Mexican,679,32,95,19,10,76,0,Breakfast,14,4.5
719,Grilled Paneer & Rice Bowl with Mushroom,Italian,544,23,101,5,14,105,1,Lunch,40,4.9
720,Roasted Beans,Indian,271,14,33,9,4,27,1,Snack,7,3.7
721,Spicy Beef & Wrap Bowl with Broccoli,American,400,27,55,8,11,83,0,Lunch,35,4.0
722,Grilled Beef Bites,Asian,344,24,30,14,1,81,0,Snack,9,4.5
723,Grilled Chickpeas & Potato Bowl with Salad,Italian,829,40,142,11,12,75,1,Dinner,16,4.3
724,Mild Chicken with Oats,Indian,343,29,7,22,5,115,0,Breakfast,8,4.7
725,Roasted Beef with Potato,Mexican,353,35,10,19,3,108,0,Breakfast,12,4.7
726,Roasted Beef with Rice,American,480,45,54,9,6,77,0,Breakfast,8,4.7
727,Spicy Chicken & Quinoa Bowl with Mixed Veggies,Mexican,831,52,126,13,7,150,0,Dinner,7,4.7
728,Baked Egg & Wrap Bowl with Mushroom,Indian,326,35,35,5,9,89,0,Lunch,7,5.0
729,Fried Pork with Rice,Mediterranean,728,31,85,29,2,117,0,Breakfast,25,4.6
730,Grilled Turkey & Pasta Bowl with Mixed Veggies,Mexican,537,62,56,7,9,93,0,Dinner,14,4.6
731,Grilled Pork Bites,Indian,230,20,24,6,2,51,0,Snack,6,4.8
732,Oats with Fruits & Nuts,American,619,37,63,24,8,100,1,Breakfast,19,4.9
733,Spicy Paneer & Wrap Bowl with Mushroom,Asian,584,42,74,13,6,77,1,Dinner,23,4.6
734,Bread with Spinach,Asian,739,33,73,35,5,46,1,Breakfast,14,4.2
735,Roasted Paneer,Mexican,266,4,55,3,7,25,1,Snack,3,4.8
736,Roasted Beans,American,248,15,40,3,4,20,1,Snack,7,3.7
737,Baked Fish & Rice Bowl with Mushroom,Mexican,766,64,111,7,5,86,0,Dinner,39,3.6
738,Fried Chicken with Rice,Asian,653,52,43,30,10,115,0,Breakfast,23,4.1
739,Grilled Chickpeas & Oats Bowl with Mixed Veggies,Asian,485,29,60,14,13,41,1,Lunch,21,4.8
740,Potato with Broccoli,Asian,419,26,49,13,10,62,1,Breakfast,24,4.7
741,Roasted Lentils,Italian,242,12,39,4,8,31,1,Snack,4,4.0
742,Roasted Paneer,Indian,181,12,15,8,5,42,1,Snack,8,4.2
743,Roasted Beans,Mediterranean,367,4,54,15,5,20,1,Snack,9,4.1
744,Grilled Turkey Bites,Mediterranean,432,19,39,22,1,40,0,Snack,6,3.9
745,Grilled Egg Bites,Mediterranean,331,32,12,17,1,70,0,Snack,2,4.6
746,Grilled Pork Bites,Mexican,263,24,23,8,2,73,0,Snack,5,3.7
747,Roasted Turkey & Rice Bowl with Salad,Indian,622,49,59,21,3,127,0,Lunch,11,4.7
748,Grilled Pork Bites,Asian,152,19,12,3,3,77,0,Snack,7,4.8
749,Roasted Paneer,American,270,14,33,9,6,27,1,Snack,9,3.9
750,Roasted Beef & Pasta Bowl with Salad,Asian,619,37,104,6,9,69,0,Lunch,16,3.7
751,Mild Chicken & Potato Bowl with Broccoli,Asian,425,60,8,17,3,136,0,Dinner,22,4.3
752,Baked Pork & Pasta Bowl with Salad,Italian,620,27,80,21,2,98,0,Lunch,7,4.0
753,Fried Turkey & Oats Bowl with Spinach,Mediterranean,606,38,41,32,4,149,0,Lunch,23,4.8
754,Spicy Paneer & Quinoa Bowl with Broccoli,Indian,546,28,63,20,9,50,1,Dinner,34,4.5
755,Grilled Turkey Bites,Indian,233,21,26,5,2,73,0,Snack,9,3.5
756,Roasted Beans,Mexican,422,8,57,18,5,40,1,Snack,5,4.4
757,Creamy Beef & Rice Bowl with Salad,Asian,835,42,101,29,3,110,0,Dinner,38,3.5
758,Roasted Beans,Asian,230,11,35,5,5,32,1,Snack,7,4.1
759,Roasted Egg & Wrap Bowl with Mixed Veggies,Mediterranean,611,45,44,28,7,88,0,Dinner,24,4.9
760,Roasted Chickpeas,Indian,224,9,29,8,5,20,1,Snack,6,4.1
761,Oats with Fruits & Nuts,Indian,527,14,75,19,11,113,1,Breakfast,22,4.8
762,Roasted Egg & Bread Bowl with Broccoli,Indian,388,39,4,24,9,100,0,Lunch,36,4.7
763,Creamy Pork with Pasta,Asian,604,34,56,27,9,151,0,Breakfast,10,3.7
764,Baked Egg with Quinoa,Italian,342,20,31,15,6,153,0,Breakfast,32,3.6
765,Greek Yogurt with Honey,Italian,230,22,17,8,1,86,0,Snack,6,3.8
766,Fried Beef & Oats Bowl with Salad,American,528,31,56,20,2,147,0,Lunch,10,3.6
767,Baked Beef & Potato Bowl with Broccoli,American,443,49,30,14,9,84,0,Lunch,23,4.0
768,Fried Lentils & Bread Bowl with Spinach,Indian,804,26,114,27,18,108,1,Dinner,11,4.2
769,Creamy Egg & Wrap Bowl with Mushroom,Mexican,638,50,60,22,5,141,0,Dinner,5,3.8
770,Mild Lentils & Oats Bowl with Mixed Veggies,Mediterranean,548,26,75,16,9,85,1,Lunch,17,4.2
771,Oats with Fruits & Nuts,Indian,574,29,62,23,5,50,1,Breakfast,30,4.2
772,Spicy Beef & Rice Bowl with Mushroom,Mediterranean,469,42,43,14,3,124,0,Lunch,35,4.6
773,Grilled Egg Bites,American,248,23,34,2,2,79,0,Snack,4,4.5
774,Grilled Paneer & Quinoa Bowl with Mixed Veggies,Indian,384,34,12,22,7,111,1,Lunch,28,4.8
775,Grilled Pork Bites,Asian,309,20,30,12,3,82,0,Snack,3,4.2
776,Greek Yogurt with Honey,Asian,203,9,26,7,5,26,1,Snack,8,3.5
777,Creamy Paneer & Potato Bowl with Salad,Indian,663,43,66,25,13,93,1,Dinner,32,4.1
778,Fried Fish with Oats,Indian,665,25,100,18,3,112,0,Breakfast,11,5.0
779,Roasted Chickpeas,Mediterranean,163,11,25,2,5,29,1,Snack,2,3.8
780,Greek Yogurt with Honey,Italian,138,9,5,9,8,17,1,Snack,3,4.3
781,Creamy Egg & Oats Bowl with Mushroom,Mediterranean,670,28,96,19,3,161,0,Dinner,44,3.9
782,Creamy Chicken with Oats,Indian,887,29,116,34,5,103,0,Breakfast,5,3.6
783,Wrap with Salad,American,366,22,56,6,12,79,1,Breakfast,21,4.5
784,Fried Chickpeas & Rice Bowl with Broccoli,Indian,836,40,83,38,7,130,1,Dinner,12,4.7
785,Fried Turkey & Oats Bowl with Mushroom,Italian,1059,32,176,25,14,111,0,Dinner,16,3.6
786,Baked Beans & Oats Bowl with Spinach,Asian,439,28,39,19,7,65,1,Lunch,35,4.6
787,Roasted Lentils,American,257,15,33,7,6,45,1,Snack,4,3.9
788,Spicy Turkey & Rice Bowl with Mixed Veggies,American,743,23,124,17,3,91,0,Dinner,24,5.0
789,Mild Chicken & Bread Bowl with Spinach,Mexican,539,49,52,15,8,130,0,Lunch,17,4.0
790,Grilled Paneer & Quinoa Bowl with Mixed Veggies,Asian,593,33,99,7,9,92,1,Lunch,28,4.9
791,Oats with Mixed Veggies,Mediterranean,343,16,18,23,13,77,1,Breakfast,43,4.9
792,Greek Yogurt with Honey,Mediterranean,312,7,32,17,8,17,1,Snack,2,4.8
793,Pasta with Salad,Indian,572,16,91,16,6,68,1,Breakfast,26,3.5
794,Mild Tofu & Quinoa Bowl with Broccoli,Mediterranean,368,32,10,22,4,103,1,Lunch,15,4.0
795,Roasted Lentils,American,398,13,39,21,5,35,1,Snack,8,4.7
796,Oats with Fruits & Nuts,Italian,346,34,23,13,9,61,1,Breakfast,31,4.8
797,Creamy Egg & Oats Bowl with Mixed Veggies,American,755,41,60,39,7,147,0,Dinner,37,3.9
798,Spicy Tofu & Quinoa Bowl with Spinach,Mediterranean,314,10,50,8,7,87,1,Lunch,33,5.0
799,Mild Paneer & Pasta Bowl with Mixed Veggies,Italian,441,40,20,22,8,128,1,Dinner,22,4.6
800,Baked Chickpeas & Quinoa Bowl with Broccoli,Mexican,348,22,24,18,11,61,1,Lunch,8,5.0
801,Grilled Beef Bites,American,351,19,39,13,1,86,0,Snack,2,4.6
802,Roasted Turkey & Bread Bowl with Mushroom,Asian,528,50,50,14,10,124,0,Dinner,26,4.1
803,Roasted Paneer,Indian,158,14,14,5,4,39,1,Snack,8,4.2
804,Oats with Fruits & Nuts,Mediterranean,550,26,57,24,12,45,1,Breakfast,40,4.5
805,Fried Pork & Quinoa Bowl with Salad,Asian,597,23,65,27,11,116,0,Lunch,20,4.3
806,Oats with Fruits & Nuts,Mexican,527,25,82,11,12,95,1,Breakfast,28,4.9
807,Roasted Beans & Pasta Bowl with Mixed Veggies,Mediterranean,664,31,103,14,10,83,1,Dinner,40,4.1
808,Roasted Fish & Bread Bowl with Mixed Veggies,American,535,32,43,26,6,177,0,Dinner,8,4.0
809,Creamy Paneer & Bread Bowl with Spinach,American,815,16,149,17,15,108,1,Dinner,44,3.5
810,Roasted Tofu & Pasta Bowl with Mushroom,Italian,560,22,70,21,8,71,1,Lunch,13,4.7
811,Creamy Fish & Quinoa Bowl with Mixed Veggies,Indian,1058,23,158,37,7,163,0,Dinner,38,3.8
812,Spicy Beef with Potato,Mexican,577,23,87,15,3,159,0,Breakfast,20,3.6
813,Fried Paneer & Rice Bowl with Broccoli,Mexican,921,18,149,28,13,134,1,Dinner,7,4.0
814,Roasted Tofu,Indian,151,7,19,5,4,20,1,Snack,2,4.6
815,Creamy Chicken with Pasta,Italian,670,24,91,23,7,108,0,Breakfast,34,3.6
816,Greek Yogurt with Honey,Indian,292,15,22,16,5,16,1,Snack,7,4.6
817,Greek Yogurt with Honey,Indian,183,11,16,8,7,32,1,Snack,9,3.6
818,Baked Beef & Quinoa Bowl with Salad,Asian,610,54,46,23,13,113,0,Dinner,42,4.3
819,Potato with Broccoli,Italian,301,13,12,22,14,87,1,Breakfast,41,4.5
820,Roasted Beans,Asian,276,14,21,15,3,30,1,Snack,8,4.4
821,Grilled Turkey Bites,American,263,30,22,6,2,63,0,Snack,4,4.7
822,Rice with Mixed Veggies,Mediterranean,665,12,134,9,11,99,1,Breakfast,12,4.7
823,Mild Paneer & Oats Bowl with Spinach,Mediterranean,815,42,110,23,4,56,1,Dinner,44,3.6
824,Roasted Turkey & Rice Bowl with Broccoli,Italian,427,41,52,6,3,84,0,Lunch,27,4.2
825,Roasted Pork & Oats Bowl with Mixed Veggies,Asian,375,43,12,17,9,146,0,Lunch,18,5.0
826,Baked Beef & Rice Bowl with Salad,Indian,745,54,73,26,3,147,0,Dinner,41,4.2
827,Spicy Pork with Rice,Asian,389,45,25,12,6,108,0,Breakfast,20,3.6
828,Grilled Chicken Bites,Indian,228,25,14,8,1,48,0,Snack,3,4.2
829,Grilled Turkey Bites,American,219,29,21,2,4,71,0,Snack,4,4.2
830,Mild Fish with Quinoa,Indian,532,37,73,10,6,146,0,Breakfast,37,4.5
831,Oats with Fruits & Nuts,Italian,536,16,102,7,8,53,1,Breakfast,30,4.9
832,Spicy Chickpeas & Wrap Bowl with Broccoli,American,708,44,97,16,6,142,1,Dinner,31,4.3
833,Greek Yogurt with Honey,Asian,247,15,37,4,3,41,1,Snack,4,4.8
834,Baked Fish with Quinoa,American,644,40,109,5,11,116,0,Breakfast,40,4.8
835,Creamy Pork & Rice Bowl with Mixed Veggies,Mediterranean,678,43,70,25,4,83,0,Dinner,44,4.7
836,Creamy Fish & Rice Bowl with Broccoli,Mediterranean,1003,48,139,28,3,171,0,Dinner,6,4.1
837,Fried Chicken & Bread Bowl with Mushroom,American,1022,43,131,36,2,91,0,Dinner,29,4.9
838,Roasted Tofu & Rice Bowl with Spinach,Indian,625,13,127,7,8,95,1,Lunch,44,4.9
839,Creamy Egg with Bread,Italian,738,46,82,25,4,106,0,Breakfast,25,4.2
840,Roasted Egg & Rice Bowl with Mixed Veggies,Italian,615,60,60,15,3,90,0,Dinner,35,4.4
841,Fried Beef & Oats Bowl with Spinach,Mexican,523,32,58,18,7,98,0,Lunch,10,4.9
842,Creamy Beef & Rice Bowl with Spinach,Mexican,919,38,126,29,8,152,0,Dinner,23,3.8
843,Creamy Beef & Pasta Bowl with Mixed Veggies,American,695,55,40,35,9,151,0,Dinner,22,3.6
844,Baked Chicken & Oats Bowl with Salad,Mexican,476,26,50,19,10,97,0,Lunch,26,4.9
845,Baked Beans & Rice Bowl with Salad,Mediterranean,638,33,70,25,12,131,1,Dinner,33,4.9
846,Greek Yogurt with Honey,American,367,23,39,13,1,64,0,Snack,4,4.5
847,Spicy Chickpeas & Potato Bowl with Broccoli,Mexican,575,37,52,24,11,40,1,Lunch,36,4.7
848,Roasted Fish & Potato Bowl with Salad,Mexican,515,30,47,23,6,137,0,Lunch,41,4.8
849,Oats with Fruits & Nuts,American,400,14,63,10,10,55,1,Breakfast,29,3.9
850,Greek Yogurt with Honey,Italian,128,15,5,5,5,26,1,Snack,6,4.5
851,Roasted Paneer,Italian,183,11,19,7,7,17,1,Snack,2,4.0
852,Creamy Beef & Oats Bowl with Broccoli,Asian,960,44,119,34,7,120,0,Dinner,8,4.6
853,Roasted Turkey & Oats Bowl with Spinach,Indian,512,42,63,10,3,108,0,Dinner,16,3.5
854,Fried Chickpeas & Rice Bowl with Broccoli,American,699,15,99,27,4,86,1,Lunch,38,3.6
855,Grilled Pork Bites,Indian,204,19,20,5,3,72,0,Snack,7,4.7
856,Oats with Fruits & Nuts,Italian,374,39,16,17,7,109,1,Breakfast,36,4.2
857,Mild Chicken & Bread Bowl with Mixed Veggies,Asian,607,55,45,23,6,175,0,Dinner,13,4.4
858,Roasted Beans,Italian,269,13,43,5,4,35,1,Snack,7,4.7
859,Roasted Chickpeas,Italian,331,5,26,23,6,27,1,Snack,3,4.3
860,Roasted Beans,American,131,6,8,8,6,19,1,Snack,5,3.9
861,Spicy Chicken & Rice Bowl with Mixed Veggies,Italian,513,35,57,16,10,110,0,Lunch,25,4.3
862,Grilled Turkey Bites,Indian,244,22,21,8,3,53,0,Snack,7,4.3
863,Mild Chicken & Quinoa Bowl with Mixed Veggies,Mexican,460,53,12,22,9,103,0,Lunch,43,4.2
864,Grilled Pork Bites,Asian,410,28,36,17,3,69,0,Snack,3,3.6
865,Potato with Spinach,Mexican,390,10,60,12,10,60,1,Breakfast,40,4.9
866,Creamy Fish & Oats Bowl with Spinach,Mediterranean,816,47,105,23,3,129,0,Lunch,39,4.0
867,Fried Turkey with Rice,Mexican,592,48,46,24,8,108,0,Breakfast,13,4.5
868,Greek Yogurt with Honey,American,372,28,15,22,3,62,0,Snack,5,4.2
869,Grilled Chicken Bites,Asian,311,27,17,15,1,89,0,Snack,7,4.8
870,Oats with Fruits & Nuts,American,521,31,49,22,10,67,1,Breakfast,42,4.3
871,Roasted Chickpeas & Potato Bowl with Broccoli,Mediterranean,603,33,102,7,4,47,1,Lunch,32,3.5
872,Oats with Fruits & Nuts,Asian,827,37,109,27,10,48,1,Breakfast,14,4.6
873,Grilled Tofu & Bread Bowl with Mushroom,Mediterranean,812,47,117,17,11,77,1,Dinner,9,4.5
874,Roasted Egg & Pasta Bowl with Spinach,Mexican,442,51,30,13,3,144,0,Lunch,12,3.6
875,Roasted Lentils,Asian,234,14,24,9,5,32,1,Snack,8,4.6
876,Fried Paneer & Bread Bowl with Mixed Veggies,Asian,654,20,73,31,5,143,1,Dinner,34,4.9
877,Spicy Paneer & Potato Bowl with Mixed Veggies,Mexican,774,28,147,8,7,139,1,Dinner,13,4.5
878,Roasted Chickpeas,Indian,178,14,12,8,7,22,1,Snack,6,4.5
879,Mild Tofu & Quinoa Bowl with Spinach,Asian,747,13,158,7,9,138,1,Dinner,27,4.3
880,Creamy Egg & Wrap Bowl with Spinach,Asian,842,37,128,20,7,172,0,Dinner,43,3.7
881,Mild Beef & Potato Bowl with Salad,Mexican,656,27,92,20,7,74,0,Lunch,10,5.0
882,Greek Yogurt with Honey,Italian,122,11,15,2,6,47,1,Snack,6,4.1
883,Grilled Beans & Pasta Bowl with Mushroom,Mediterranean,584,29,94,10,13,67,1,Lunch,7,3.8
884,Creamy Tofu & Quinoa Bowl with Mixed Veggies,Mediterranean,953,28,151,26,8,136,1,Dinner,17,4.7
885,Oats with Fruits & Nuts,American,406,33,39,13,4,77,1,Breakfast,36,3.5
886,Mild Chickpeas & Pasta Bowl with Spinach,Mexican,750,23,144,9,5,70,1,Dinner,37,4.5
887,Baked Pork & Bread Bowl with Broccoli,Indian,585,23,105,8,14,101,0,Dinner,24,3.8
888,Roasted Chicken & Oats Bowl with Salad,Mediterranean,778,55,121,8,6,146,0,Dinner,38,4.2
889,Greek Yogurt with Honey,Asian,419,14,54,16,8,38,1,Snack,6,4.3
890,Oats with Fruits & Nuts,Indian,730,37,71,33,6,59,1,Breakfast,13,4.1
891,Roasted Pork & Bread Bowl with Mixed Veggies,Indian,766,56,104,14,13,159,0,Dinner,30,4.4
892,Creamy Fish & Pasta Bowl with Salad,Asian,627,46,45,29,5,151,0,Dinner,30,4.9
893,Oats with Fruits & Nuts,American,438,14,55,18,5,69,1,Breakfast,38,3.7
894,Roasted Chickpeas & Wrap Bowl with Salad,Asian,651,30,119,6,5,128,1,Dinner,17,3.8
895,Creamy Fish & Quinoa Bowl with Salad,American,649,46,66,22,8,121,0,Lunch,38,4.6
896,Roasted Tofu & Bread Bowl with Broccoli,American,411,39,12,23,14,119,1,Dinner,33,4.1
897,Grilled Beans & Potato Bowl with Mushroom,Italian,444,17,35,26,14,73,1,Dinner,44,4.7
898,Oats with Fruits & Nuts,Mexican,492,13,60,22,6,103,1,Breakfast,30,3.9
899,Creamy Beef & Potato Bowl with Broccoli,Mediterranean,1021,50,135,31,13,126,0,Dinner,8,3.8
900,Grilled Fish with Oats,American,394,50,12,16,9,112,0,Breakfast,28,4.7
901,Spicy Paneer & Wrap Bowl with Mixed Veggies,Asian,688,34,77,27,15,50,1,Dinner,10,4.3
902,Quinoa with Mixed Veggies,Mexican,348,25,37,11,13,60,1,Breakfast,5,4.2
903,Greek Yogurt with Honey,Mediterranean,215,25,17,5,3,65,0,Snack,6,3.7
904,Creamy Paneer & Rice Bowl with Salad,American,836,33,119,25,6,108,1,Lunch,33,3.7
905,Grilled Chickpeas & Quinoa Bowl with Mixed Veggies,Mexican,383,13,67,7,7,107,1,Dinner,12,3.9
906,Roasted Chicken & Quinoa Bowl with Mushroom,Mediterranean,423,52,35,8,9,192,0,Dinner,20,4.1
907,Spicy Beans & Wrap Bowl with Spinach,American,342,38,13,15,6,106,1,Lunch,21,4.8
908,Grilled Egg Bites,Indian,234,26,16,7,4,80,0,Snack,4,4.2
909,Spicy Fish with Pasta,Italian,682,47,69,24,3,145,0,Breakfast,39,4.3
910,Baked Pork & Oats Bowl with Mushroom,Italian,674,41,114,6,8,132,0,Dinner,10,4.7
911,Mild Turkey with Wrap,Asian,512,21,84,10,6,120,0,Breakfast,35,4.3
912,Creamy Egg with Quinoa,Asian,814,44,114,20,10,77,0,Breakfast,14,4.6
913,Wrap with Mixed Veggies,Mediterranean,684,21,134,7,6,70,1,Breakfast,21,4.0
914,Mild Pork & Wrap Bowl with Salad,Mexican,568,52,54,16,12,126,0,Dinner,29,4.9
915,Grilled Egg Bites,Indian,198,24,21,2,1,87,0,Snack,7,4.0
916,Spicy Beef with Pasta,American,319,30,25,11,11,114,0,Breakfast,40,4.0
917,Grilled Chicken Bites,Asian,134,16,4,6,0,52,0,Snack,6,4.6
918,Oats with Fruits & Nuts,Italian,462,11,79,11,8,61,1,Breakfast,25,4.9
919,Creamy Beans & Wrap Bowl with Spinach,Mexican,988,14,143,40,8,127,1,Dinner,20,4.5
920,Oats with Fruits & Nuts,Italian,604,19,87,20,12,113,1,Breakfast,16,4.7
921,Wrap with Broccoli,Indian,881,18,155,21,9,112,1,Breakfast,19,3.7
922,Greek Yogurt with Honey,Asian,231,25,12,9,0,48,0,Snack,4,4.7
923,Grilled Egg Bites,Mediterranean,260,24,23,8,1,76,0,Snack,5,4.0
924,Greek Yogurt with Honey,Indian,427,24,44,17,2,66,0,Snack,5,4.7
925,Creamy Egg with Oats,Indian,575,41,35,30,9,106,0,Breakfast,29,4.4
926,Oats with Fruits & Nuts,Mediterranean,316,36,9,15,10,72,1,Breakfast,6,3.7
927,Roasted Beef & Pasta Bowl with Broccoli,Mexican,551,36,79,10,10,114,0,Lunch,5,5.0
928,Grilled Beef Bites,Indian,223,23,12,9,2,47,0,Snack,9,4.4
929,Mild Pork & Oats Bowl with Mixed Veggies,Indian,529,51,61,9,9,135,0,Dinner,38,3.8
930,Greek Yogurt with Honey,Asian,144,13,2,9,5,23,1,Snack,8,4.4
931,Mild Beef & Rice Bowl with Broccoli,Indian,459,46,12,25,10,103,0,Dinner,34,4.2
932,Roasted Beans & Oats Bowl with Mixed Veggies,Asian,369,11,65,7,9,88,1,Lunch,14,4.7
933,Spicy Pork with Pasta,Asian,613,25,117,5,2,71,0,Breakfast,41,3.8
934,Greek Yogurt with Honey,Indian,325,10,33,17,5,18,1,Snack,3,3.9
935,Mild Fish & Oats Bowl with Salad,Mediterranean,505,43,67,7,4,115,0,Lunch,16,5.0
936,Roasted Tofu,Italian,198,13,20,7,5,46,1,Snack,4,3.7
937,Fried Turkey & Oats Bowl with Mushroom,Mexican,623,60,46,22,12,160,0,Dinner,14,4.9
938,Fried Paneer & Rice Bowl with Salad,Indian,813,14,144,20,8,62,1,Dinner,36,4.2
939,Roasted Paneer,Asian,152,4,27,3,5,27,1,Snack,8,4.0
940,Fried Beans & Pasta Bowl with Spinach,American,809,41,98,28,14,132,1,Dinner,43,3.9
941,Potato with Spinach,Italian,656,18,92,24,13,84,1,Breakfast,36,4.0
942,Spicy Chicken with Pasta,Mediterranean,480,41,61,8,8,128,0,Breakfast,31,3.9
943,Grilled Egg & Wrap Bowl with Mixed Veggies,Indian,704,40,104,14,7,136,0,Dinner,25,4.2
944,Mild Chickpeas & Rice Bowl with Spinach,American,458,23,69,10,15,81,1,Dinner,32,4.4
945,Pasta with Mixed Veggies,Mediterranean,371,38,0,24,5,111,1,Breakfast,11,3.5
946,Bread with Mushroom,Mexican,503,37,57,14,13,49,1,Breakfast,18,4.4
947,Greek Yogurt with Honey,Mediterranean,379,15,39,18,1,48,0,Snack,6,4.4
948,Oats with Fruits & Nuts,Mexican,547,11,76,22,9,45,1,Breakfast,22,4.5
949,Roasted Tofu,Indian,133,5,21,3,3,37,1,Snack,3,4.4
950,Greek Yogurt with Honey,Mexican,183,27,12,3,3,55,0,Snack,6,4.4
951,Greek Yogurt with Honey,Italian,155,5,13,9,5,39,1,Snack,6,4.1
952,Baked Tofu & Bread Bowl with Salad,Italian,592,11,101,16,11,66,1,Lunch,13,4.4
953,Spicy Turkey & Pasta Bowl with Broccoli,Asian,394,39,41,8,3,86,0,Dinner,10,4.3
954,Mild Egg & Bread Bowl with Spinach,American,468,28,44,20,5,140,0,Dinner,8,3.8
955,Greek Yogurt with Honey,Indian,170,15,16,5,6,29,1,Snack,2,4.6
956,Mild Beans & Potato Bowl with Salad,Mexican,572,20,82,18,12,70,1,Dinner,11,4.6
957,Creamy Tofu & Wrap Bowl with Broccoli,Mexican,662,35,63,30,6,89,1,Dinner,37,4.6
958,Roasted Tofu,Italian,252,13,32,8,4,25,1,Snack,8,4.0
959,Greek Yogurt with Honey,American,190,20,20,3,2,70,0,Snack,2,4.5
960,Grilled Beef & Wrap Bowl with Mushroom,American,605,44,93,6,2,115,0,Lunch,40,3.8
961,Grilled Turkey Bites,American,270,22,41,2,2,68,0,Snack,9,3.6
962,Grilled Beef Bites,Italian,343,21,31,15,3,77,0,Snack,9,4.2
963,Creamy Lentils & Rice Bowl with Mixed Veggies,Mediterranean,985,17,155,33,13,126,1,Dinner,33,4.9
964,Grilled Pork with Rice,American,429,43,12,23,8,105,0,Breakfast,24,3.5
965,Roasted Chickpeas,Mediterranean,321,8,36,16,6,41,1,Snack,4,4.8
966,Fried Chicken & Quinoa Bowl with Mixed Veggies,Italian,1013,27,145,36,5,154,0,Dinner,8,3.9
967,Fried Chickpeas & Wrap Bowl with Mixed Veggies,Indian,824,44,96,29,11,88,1,Dinner,15,4.0
968,Grilled Fish & Wrap Bowl with Mixed Veggies,American,418,38,50,7,4,91,0,Lunch,40,4.6
969,Roasted Turkey & Wrap Bowl with Broccoli,Indian,427,48,34,11,10,92,0,Lunch,17,4.1
970,Roasted Paneer & Quinoa Bowl with Broccoli,Italian,352,36,20,14,11,63,1,Lunch,20,4.1
971,Grilled Lentils & Oats Bowl with Spinach,Indian,758,22,106,27,13,70,1,Dinner,38,3.7
972,Grilled Beef & Potato Bowl with Mushroom,Indian,636,54,62,19,4,97,0,Dinner,18,3.7
973,Fried Beef & Oats Bowl with Spinach,Asian,722,44,93,19,3,141,0,Lunch,28,4.1
974,Greek Yogurt with Honey,Indian,264,22,28,7,1,72,0,Snack,5,4.7
975,Wrap with Broccoli,Indian,840,21,103,38,14,70,1,Breakfast,7,3.6
976,Roasted Turkey with Potato,Asian,592,29,76,19,10,153,0,Breakfast,26,3.7
977,Baked Lentils & Rice Bowl with Broccoli,American,679,16,133,9,13,51,1,Lunch,6,3.5
978,Creamy Turkey & Wrap Bowl with Salad,American,642,40,57,28,10,139,0,Lunch,37,4.5
979,Mild Beef & Rice Bowl with Mixed Veggies,Mexican,433,43,31,15,5,170,0,Dinner,26,5.0
980,Spicy Turkey & Potato Bowl with Broccoli,Indian,443,45,36,13,10,130,0,Lunch,12,4.5
981,Potato with Spinach,Italian,618,34,66,24,11,56,1,Breakfast,10,4.7
982,Roasted Tofu & Oats Bowl with Spinach,Indian,676,31,88,22,12,111,1,Lunch,19,4.1
983,Creamy Chicken & Rice Bowl with Mushroom,Asian,1009,39,168,20,7,119,0,Dinner,28,4.7
984,Roasted Lentils,Mediterranean,128,7,20,2,7,18,1,Snack,5,4.7
985,Roasted Tofu,American,149,11,21,2,7,25,1,Snack,8,4.9
986,Roasted Chicken & Potato Bowl with Salad,Indian,414,37,28,17,9,94,0,Lunch,29,4.9
987,Roasted Tofu,Asian,388,7,42,21,5,39,1,Snack,4,4.1
988,Roasted Egg & Bread Bowl with Spinach,Mexican,701,61,100,6,12,127,0,Dinner,43,3.6
989,Roasted Egg & Pasta Bowl with Mushroom,Mediterranean,691,56,69,21,7,68,0,Lunch,16,4.5
990,Oats with Fruits & Nuts,Mediterranean,559,27,67,20,7,84,1,Breakfast,40,3.7
991,Spicy Beef & Quinoa Bowl with Salad,Asian,660,46,69,22,11,133,0,Lunch,5,5.0
992,Roasted Beef with Rice,Italian,548,41,60,16,6,114,0,Breakfast,13,4.8
993,Baked Turkey with Bread,Mexican,620,41,80,15,5,140,0,Breakfast,15,4.3
994,Creamy Egg & Bread Bowl with Mixed Veggies,Mexican,666,52,69,20,7,140,0,Lunch,25,3.6
995,Creamy Chicken & Rice Bowl with Spinach,Mexican,617,53,49,23,10,124,0,Dinner,44,4.0
996,Grilled Pork Bites,Mediterranean,250,25,33,2,1,90,0,Snack,2,4.4
997,Spicy Egg & Oats Bowl with Mixed Veggies,Italian,659,43,88,15,5,105,0,Dinner,36,4.7
998,Spicy Paneer & Bread Bowl with Spinach,Italian,633,40,84,15,14,124,1,Dinner,16,3.7
999,Creamy Turkey & Wrap Bowl with Broccoli,Mediterranean,1008,53,127,32,14,117,0,Dinner,29,4.9
1000,Spicy Egg & Potato Bowl with Spinach,Asian,587,41,58,21,2,99,0,Lunch,30,3.8
1001,Grilled Chickpeas & Oats Bowl with Broccoli,Mediterranean,392,34,12,23,10,66,1,Lunch,30,5.0
1002,Grilled Turkey Bites,Asian,246,28,17,7,4,58,0,Snack,5,3.8
1003,Fried Chickpeas & Oats Bowl with Spinach,Indian,675,45,60,28,15,114,1,Dinner,39,3.7
1004,Greek Yogurt with Honey,Italian,262,22,25,8,4,57,0,Snack,6,4.9
1005,Spicy Chickpeas & Bread Bowl with Spinach,Asian,563,32,66,19,11,67,1,Lunch,14,3.5
1006,Spicy Chicken & Oats Bowl with Spinach,Mexican,520,32,64,15,11,138,0,Dinner,22,3.5
1007,Fried Chicken & Potato Bowl with Spinach,Mediterranean,619,26,83,20,2,90,0,Lunch,11,3.9
1008,Roasted Turkey & Bread Bowl with Mixed Veggies,Mexican,336,41,22,9,7,127,0,Lunch,40,5.0
1009,Roasted Beans & Oats Bowl with Mixed Veggies,Asian,631,21,112,11,13,113,1,Lunch,34,4.7
1010,Baked Chicken & Bread Bowl with Salad,Indian,625,63,52,18,3,101,0,Dinner,40,4.0
1011,Potato with Mixed Veggies,Italian,968,34,140,30,13,79,1,Breakfast,24,3.6
1012,Bread with Spinach,Asian,480,13,73,15,5,47,1,Breakfast,30,4.6
1013,Creamy Beef & Bread Bowl with Mixed Veggies,Indian,834,31,128,22,5,132,0,Lunch,20,4.9
1014,Oats with Fruits & Nuts,Mediterranean,393,34,12,23,9,49,1,Breakfast,8,4.5
1015,Spicy Fish & Oats Bowl with Broccoli,Asian,333,35,30,8,6,114,0,Lunch,26,3.8
1016,Baked Paneer & Wrap Bowl with Spinach,American,592,40,72,16,5,80,1,Dinner,17,4.0
1017,Mild Turkey & Bread Bowl with Broccoli,Indian,657,56,61,21,2,122,0,Lunch,10,4.4
1018,Spicy Fish with Pasta,Italian,470,36,50,14,5,88,0,Breakfast,31,3.8
1019,Fried Beef & Pasta Bowl with Broccoli,Mediterranean,550,31,59,21,11,119,0,Dinner,27,4.1
1020,Roasted Paneer & Bread Bowl with Spinach,Asian,347,19,27,18,6,66,1,Lunch,14,4.1
1021,Fried Chickpeas & Quinoa Bowl with Salad,Mediterranean,651,11,106,20,6,116,1,Lunch,37,4.8
1022,Roasted Turkey with Pasta,Mexican,418,47,12,20,3,151,0,Breakfast,36,4.1
1023,Roasted Paneer,Indian,162,15,16,4,6,22,1,Snack,4,4.0
1024,Roasted Turkey & Wrap Bowl with Mixed Veggies,Asian,601,52,71,12,5,171,0,Dinner,6,3.8
1025,Baked Pork with Potato,Indian,623,48,92,7,7,129,0,Breakfast,30,3.7
1026,Grilled Turkey with Oats,Mediterranean,552,46,49,19,2,92,0,Breakfast,29,4.2
1027,Grilled Pork with Pasta,Italian,364,36,3,23,10,146,0,Breakfast,27,4.8
1028,Grilled Fish & Wrap Bowl with Broccoli,Asian,414,37,12,24,8,94,0,Lunch,33,3.8
1029,Potato with Mixed Veggies,Mediterranean,620,25,91,17,10,119,1,Breakfast,28,4.7
1030,Grilled Paneer & Quinoa Bowl with Salad,Mediterranean,758,43,110,16,9,79,1,Dinner,41,4.5
1031,Mild Beans & Potato Bowl with Spinach,Indian,667,30,118,8,13,140,1,Dinner,12,3.8
1032,Roasted Pork & Oats Bowl with Spinach,Asian,454,65,12,16,9,176,0,Dinner,24,3.6
1033,Creamy Beef with Wrap,Mediterranean,781,47,110,17,10,75,0,Breakfast,34,4.6
1034,Fried Egg & Pasta Bowl with Mushroom,American,918,38,124,30,8,159,0,Lunch,28,4.7
1035,Roasted Paneer,Mexican,386,15,41,18,8,30,1,Snack,2,4.9
1036,Grilled Pork Bites,Mexican,278,19,43,3,1,76,0,Snack,4,4.6
1037,Wrap with Spinach,Italian,486,30,62,13,10,92,1,Breakfast,25,4.7
1038,Grilled Egg & Rice Bowl with Broccoli,Asian,591,49,71,12,6,115,0,Dinner,16,4.3
1039,Roasted Fish & Pasta Bowl with Broccoli,Indian,609,41,66,20,11,145,0,Dinner,19,4.7
1040,Oats with Fruits & Nuts,American,789,11,123,28,9,112,1,Breakfast,15,4.5
1041,Creamy Tofu & Quinoa Bowl with Broccoli,Italian,722,35,89,25,12,103,1,Dinner,37,4.3
1042,Grilled Fish Bites,Indian,375,29,22,19,3,65,0,Snack,5,4.3
1043,Fried Beef & Quinoa Bowl with Spinach,Asian,658,44,46,33,2,137,0,Lunch,39,4.1
1044,Roasted Chickpeas,Italian,159,8,13,8,6,26,1,Snack,8,4.9
1045,Fried Chicken & Potato Bowl with Mushroom,Italian,728,36,60,38,5,101,0,Dinner,20,4.4
1046,Grilled Beef Bites,Asian,331,28,14,18,3,75,0,Snack,2,4.7
1047,Spicy Tofu & Bread Bowl with Mushroom,Mediterranean,451,33,52,12,10,58,1,Lunch,16,4.1
1048,Roasted Lentils,American,169,13,13,7,4,23,1,Snack,8,3.5
1049,Roasted Chickpeas,Asian,357,15,40,15,4,24,1,Snack,7,3.6
1050,Roasted Beans,Mediterranean,346,13,35,17,7,24,1,Snack,7,3.8
1051,Grilled Chickpeas & Quinoa Bowl with Broccoli,Mexican,592,15,108,11,13,80,1,Lunch,18,3.7
1052,Greek Yogurt with Honey,Mexican,238,29,12,8,2,79,0,Snack,4,4.6
1053,Greek Yogurt with Honey,Indian,243,5,51,2,6,44,1,Snack,2,3.7
1054,Roasted Pork with Bread,American,478,48,55,7,11,142,0,Breakfast,29,4.7
1055,Quinoa with Broccoli,Asian,568,13,97,14,12,45,1,Breakfast,41,3.6
1056,Spicy Turkey with Potato,Italian,395,26,57,7,3,127,0,Breakfast,41,4.8
1057,Fried Beef with Bread,Mexican,602,31,56,28,6,99,0,Breakfast,24,4.8
1058,Mild Chickpeas & Potato Bowl with Mushroom,Italian,407,26,62,6,11,115,1,Lunch,33,4.5
1059,Fried Lentils & Bread Bowl with Salad,Mediterranean,1061,35,138,41,8,112,1,Dinner,20,4.2
1060,Grilled Beef with Wrap,American,657,52,96,7,5,95,0,Breakfast,41,3.6
1061,Grilled Chicken Bites,Mexican,345,26,17,19,1,61,0,Snack,5,4.8
1062,Mild Chicken & Potato Bowl with Mixed Veggies,Italian,349,52,17,8,9,135,0,Lunch,36,4.8
1063,Oats with Fruits & Nuts,Asian,548,12,64,27,10,77,1,Breakfast,17,3.6
1064,Mild Tofu & Rice Bowl with Broccoli,Italian,530,39,39,24,7,118,1,Lunch,20,4.1
1065,Mild Egg & Potato Bowl with Mixed Veggies,Mediterranean,701,57,75,19,10,159,0,Dinner,29,4.4
1066,Roasted Lentils & Pasta Bowl with Broccoli,Indian,355,34,43,5,6,98,1,Lunch,7,4.8
1067,Baked Pork & Potato Bowl with Spinach,Italian,745,36,116,15,12,157,0,Dinner,32,5.0
1068,Spicy Lentils & Wrap Bowl with Broccoli,Asian,427,46,45,7,4,117,1,Dinner,41,4.9
1069,Grilled Pork with Rice,Indian,611,31,88,15,4,144,0,Breakfast,38,4.5
1070,Creamy Paneer & Oats Bowl with Mixed Veggies,Mediterranean,628,38,42,34,15,96,1,Lunch,40,4.8
1071,Potato with Mixed Veggies,Italian,320,20,48,5,14,67,1,Breakfast,44,3.8
1072,Oats with Fruits & Nuts,Indian,567,33,52,25,6,80,1,Breakfast,42,3.6
1073,Fried Beans & Bread Bowl with Spinach,Italian,761,21,92,34,8,81,1,Lunch,23,5.0
1074,Fried Turkey with Potato,Asian,653,23,70,31,7,124,0,Breakfast,35,4.8
1075,Grilled Pork Bites,Indian,178,17,7,9,2,68,0,Snack,9,3.9
1076,Grilled Pork Bites,Indian,234,28,10,9,3,82,0,Snack,4,4.5
1077,Greek Yogurt with Honey,American,142,22,9,2,2,66,0,Snack,3,4.4
1078,Fried Beans & Rice Bowl with Mixed Veggies,Indian,884,27,115,35,8,112,1,Lunch,44,4.0
1079,Fried Paneer & Potato Bowl with Mixed Veggies,American,1073,19,166,37,7,82,1,Dinner,39,4.3
1080,Mild Turkey & Bread Bowl with Broccoli,Indian,690,47,100,11,10,124,0,Lunch,33,4.7
1081,Mild Egg with Oats,Mediterranean,584,38,94,6,2,91,0,Breakfast,7,3.6
1082,Greek Yogurt with Honey,Mexican,174,4,32,3,6,38,1,Snack,3,3.8
1083,Quinoa with Broccoli,American,770,37,72,37,10,45,1,Breakfast,26,4.1
1084,Grilled Lentils & Oats Bowl with Mushroom,Mexican,452,30,38,20,9,75,1,Lunch,24,3.6
1085,Baked Lentils & Pasta Bowl with Broccoli,Asian,338,28,38,8,10,116,1,Lunch,29,4.3
1086,Oats with Fruits & Nuts,Mediterranean,488,27,65,13,13,103,1,Breakfast,18,4.9
1087,Creamy Beef & Potato Bowl with Spinach,American,793,54,67,34,5,139,0,Lunch,42,4.2
1088,Oats with Fruits & Nuts,American,705,37,87,23,10,78,1,Breakfast,40,3.5
1089,Grilled Egg Bites,Mexican,252,26,30,3,1,70,0,Snack,3,5.0
1090,Mild Egg & Pasta Bowl with Mushroom,Italian,410,52,28,10,4,135,0,Dinner,17,3.8
1091,Creamy Egg with Oats,Mediterranean,871,47,121,22,7,162,0,Breakfast,34,4.0
1092,Baked Fish with Oats,Indian,676,32,116,9,9,108,0,Breakfast,6,3.6
1093,Grilled Chicken Bites,Indian,171,27,9,3,3,53,0,Snack,9,4.5
1094,Roasted Beans,American,352,10,39,17,6,41,1,Snack,3,4.4
1095,Wrap with Spinach,American,525,18,86,12,11,98,1,Breakfast,31,3.6
1096,Fried Lentils & Oats Bowl with Broccoli,Asian,909,13,171,19,5,94,1,Dinner,38,4.6
1097,Mild Chickpeas & Potato Bowl with Broccoli,American,552,27,63,21,6,50,1,Lunch,17,4.2
1098,Grilled Pork Bites,Asian,445,25,39,21,3,62,0,Snack,5,4.3
1099,Roasted Beans & Rice Bowl with Mushroom,Italian,522,38,72,9,12,52,1,Lunch,10,3.7
1100,Grilled Chicken & Potato Bowl with Salad,Indian,805,38,127,16,4,123,0,Dinner,6,4.8
1101,Fried Beef with Oats,Mediterranean,723,28,98,24,5,108,0,Breakfast,8,4.8
1102,Roasted Tofu,Indian,121,9,1,9,3,42,1,Snack,8,4.0
1103,Creamy Fish & Rice Bowl with Spinach,Italian,650,30,92,18,6,101,0,Lunch,12,5.0
1104,Roasted Lentils,Asian,363,13,46,14,5,18,1,Snack,6,4.4
1105,Mild Turkey & Quinoa Bowl with Salad,American,782,26,117,23,9,134,0,Dinner,7,4.8
1106,Roasted Pork with Oats,Mexican,465,34,64,8,9,112,0,Breakfast,11,3.8
1107,Grilled Fish & Oats Bowl with Broccoli,Indian,645,48,81,14,3,131,0,Lunch,44,4.3
1108,Baked Beans & Pasta Bowl with Mushroom,Mediterranean,525,27,57,21,11,105,1,Dinner,20,4.0
1109,Baked Turkey & Oats Bowl with Mixed Veggies,Italian,617,55,43,25,7,158,0,Dinner,17,4.5
1110,Roasted Fish with Pasta,Mexican,537,39,48,21,9,135,0,Breakfast,22,4.8
1111,Oats with Fruits & Nuts,Asian,506,36,43,21,10,56,1,Breakfast,6,3.5
1112,Roasted Paneer & Potato Bowl with Mixed Veggies,Asian,473,36,53,13,11,117,1,Lunch,13,4.7
1113,Roasted Paneer & Potato Bowl with Broccoli,Asian,604,16,85,22,7,79,1,Lunch,24,4.8
1114,Roasted Lentils & Rice Bowl with Mixed Veggies,American,599,13,89,21,11,50,1,Lunch,12,5.0
1115,Grilled Fish Bites,Indian,180,25,15,2,4,50,0,Snack,9,3.8
1116,Roasted Paneer,Mexican,271,8,55,2,4,35,1,Snack,6,4.7
1117,Creamy Chicken with Rice,Mexican,936,33,135,29,3,126,0,Breakfast,32,3.9
1118,Fried Egg with Quinoa,Mexican,919,35,125,31,2,138,0,Breakfast,40,4.7
1119,Spicy Lentils & Wrap Bowl with Spinach,Mediterranean,695,30,105,17,7,88,1,Dinner,38,3.9
1120,Mild Tofu & Wrap Bowl with Salad,Mexican,411,26,25,23,7,88,1,Lunch,19,4.0
1121,Grilled Chicken Bites,Mexican,307,23,8,20,0,72,0,Snack,8,3.8
1122,Grilled Turkey with Rice,American,548,27,69,18,5,102,0,Breakfast,14,3.6
1123,Creamy Turkey with Quinoa,Italian,726,39,99,19,10,118,0,Breakfast,9,4.7
1124,Fried Paneer & Quinoa Bowl with Broccoli,Italian,731,30,105,21,7,46,1,Lunch,19,5.0
1125,Roasted Tofu & Bread Bowl with Broccoli,American,509,14,79,15,12,49,1,Lunch,18,4.0
1126,Grilled Paneer & Pasta Bowl with Broccoli,Mexican,644,14,102,20,5,68,1,Lunch,20,4.6
1127,Mild Chicken & Oats Bowl with Broccoli,Mexican,424,54,34,8,7,114,0,Dinner,25,3.9
1128,Spicy Tofu & Quinoa Bowl with Mixed Veggies,Mexican,674,23,111,15,8,99,1,Lunch,5,3.7
1129,Roasted Turkey & Potato Bowl with Mixed Veggies,Mexican,630,39,91,12,4,141,0,Dinner,33,3.7
1130,Creamy Lentils & Wrap Bowl with Mushroom,American,947,22,142,32,10,41,1,Lunch,28,4.9
1131,Oats with Fruits & Nuts,Mexican,513,29,49,22,5,83,1,Breakfast,28,3.6
1132,Creamy Turkey & Oats Bowl with Mushroom,Indian,715,47,59,32,7,138,0,Lunch,17,4.2
1133,Grilled Pork Bites,American,293,31,10,14,2,50,0,Snack,2,4.3
1134,Spicy Beans & Rice Bowl with Broccoli,American,713,43,99,16,14,124,1,Dinner,23,4.7
1135,Bread with Mushroom,Italian,426,27,52,12,6,62,1,Breakfast,38,4.8
1136,Spicy Chickpeas & Bread Bowl with Mushroom,Mexican,381,41,27,12,9,98,1,Dinner,14,5.0
1137,Spicy Pork & Pasta Bowl with Mixed Veggies,Mexican,368,27,26,17,9,101,0,Lunch,5,4.0
1138,Roasted Chicken & Rice Bowl with Mixed Veggies,Indian,712,31,111,16,14,127,0,Dinner,25,3.6
1139,Roasted Paneer,Mediterranean,263,8,53,2,6,37,1,Snack,5,4.8
1140,Fried Beans & Quinoa Bowl with Mushroom,Indian,773,25,130,17,12,61,1,Lunch,5,4.9
1141,Greek Yogurt with Honey,Indian,276,6,49,6,4,38,1,Snack,7,4.1
1142,Greek Yogurt with Honey,Mediterranean,151,5,12,9,8,25,1,Snack,3,3.9
1143,Pasta with Mixed Veggies,Indian,807,39,97,29,11,99,1,Breakfast,13,3.8
1144,Grilled Fish Bites,Mediterranean,433,32,29,21,2,50,0,Snack,4,4.5
1145,Mild Fish & Quinoa Bowl with Mixed Veggies,Asian,831,46,116,20,13,155,0,Dinner,13,4.3
1146,Spicy Turkey & Rice Bowl with Broccoli,Mediterranean,657,45,83,16,3,114,0,Lunch,8,4.3
1147,Spicy Pork & Potato Bowl with Mixed Veggies,Asian,504,46,48,14,8,128,0,Lunch,8,4.5
1148,Wrap with Mushroom,Asian,619,10,99,20,14,104,1,Breakfast,20,4.2
1149,Spicy Tofu & Rice Bowl with Broccoli,Indian,488,41,58,10,16,111,1,Dinner,39,4.6
1150,Creamy Pork & Oats Bowl with Salad,Mexican,643,42,71,21,13,143,0,Dinner,8,4.4
1151,Pasta with Mixed Veggies,American,872,10,133,33,6,66,1,Breakfast,9,4.6
1152,Roasted Pork with Quinoa,American,666,57,98,5,8,144,0,Breakfast,13,3.8
1153,Grilled Egg with Pasta,Asian,368,39,5,21,4,98,0,Breakfast,20,4.2
1154,Greek Yogurt with Honey,Mediterranean,316,14,17,21,3,38,1,Snack,7,4.1
1155,Potato with Salad,Indian,500,31,58,16,8,102,1,Breakfast,11,3.6
1156,Creamy Fish with Pasta,Indian,722,37,82,27,9,143,0,Breakfast,22,4.9
1157,Greek Yogurt with Honey,Asian,170,22,2,8,1,50,0,Snack,7,3.9
1158,Greek Yogurt with Honey,Mexican,245,33,12,7,4,62,0,Snack,9,5.0
1159,Baked Tofu & Potato Bowl with Mixed Veggies,Asian,625,17,125,6,11,96,1,Lunch,24,4.6
1160,Spicy Egg with Bread,Italian,443,51,12,21,10,101,0,Breakfast,10,4.5
1161,Creamy Chickpeas & Rice Bowl with Broccoli,Indian,801,13,146,18,9,78,1,Lunch,39,4.4
1162,Grilled Chickpeas & Potato Bowl with Spinach,Indian,519,27,60,19,13,64,1,Lunch,36,4.5
1163,Fried Egg with Rice,Italian,768,46,89,25,3,74,0,Breakfast,5,4.7
1164,Roasted Paneer,Indian,386,14,39,19,7,41,1,Snack,2,4.4
1165,Oats with Salad,Indian,379,21,58,7,12,94,1,Breakfast,23,4.3
1166,Fried Beef & Pasta Bowl with Salad,Indian,1007,49,121,36,11,117,0,Dinner,6,3.7
1167,Oats with Fruits & Nuts,Mexican,743,33,101,23,4,84,1,Breakfast,22,4.7
1168,Roasted Lentils,Indian,398,12,44,19,3,26,1,Snack,5,4.9
1169,Greek Yogurt with Honey,Mexican,146,21,4,5,1,82,0,Snack,2,4.8
1170,Mild Lentils & Potato Bowl with Mushroom,Asian,407,32,24,20,6,138,1,Dinner,43,4.3
1171,Oats with Fruits & Nuts,American,321,38,17,11,12,62,1,Breakfast,6,4.7
1172,Baked Pork & Rice Bowl with Broccoli,Mediterranean,564,46,61,15,6,148,0,Lunch,22,3.7
1173,Spicy Chickpeas & Pasta Bowl with Salad,Mediterranean,694,15,131,12,9,126,1,Dinner,23,4.4
1174,Roasted Paneer,Asian,260,10,50,2,6,17,1,Snack,5,4.0
1175,Mild Fish with Oats,Indian,656,25,87,23,6,92,0,Breakfast,25,4.8
1176,Greek Yogurt with Honey,Mediterranean,362,18,20,23,2,86,0,Snack,7,3.9
1177,Roasted Turkey with Potato,Asian,471,42,60,7,6,112,0,Breakfast,5,4.8
1178,Roasted Tofu,Mexican,150,15,2,9,3,42,1,Snack,3,3.5
1179,Baked Pork & Oats Bowl with Spinach,Italian,646,42,74,20,3,96,0,Lunch,19,4.7
1180,Grilled Tofu & Potato Bowl with Spinach,Italian,756,19,107,28,12,49,1,Dinner,39,4.6
1181,Roasted Paneer & Bread Bowl with Mushroom,Asian,450,32,37,19,14,95,1,Dinner,25,4.9
1182,Roasted Chickpeas,Indian,121,9,10,5,4,30,1,Snack,8,4.1
1183,Greek Yogurt with Honey,Italian,237,24,6,13,3,66,0,Snack,3,4.3
1184,Creamy Fish with Oats,Mexican,797,30,92,34,11,126,0,Breakfast,33,4.7
1185,Mild Chicken & Oats Bowl with Spinach,Indian,686,35,111,11,9,82,0,Lunch,40,4.1
1186,Creamy Tofu & Rice Bowl with Spinach,Mexican,624,36,66,24,8,66,1,Lunch,41,4.5
1187,Roasted Tofu,Mexican,140,8,18,4,7,23,1,Snack,5,4.3
1188,Baked Beans & Oats Bowl with Mixed Veggies,Italian,561,36,86,8,8,99,1,Lunch,22,4.0
1189,Spicy Tofu & Wrap Bowl with Broccoli,Italian,462,46,51,8,8,100,1,Dinner,16,3.8
1190,Greek Yogurt with Honey,Indian,248,8,40,6,3,19,1,Snack,5,4.7
1191,Grilled Egg Bites,Mexican,294,20,15,17,3,75,0,Snack,4,4.5
1192,Roasted Tofu & Rice Bowl with Mushroom,Mexican,680,39,70,27,16,100,1,Dinner,8,3.7
1193,Fried Fish with Oats,Indian,836,47,108,24,9,141,0,Breakfast,37,4.3
1194,Greek Yogurt with Honey,American,257,5,45,6,5,19,1,Snack,7,4.1
1195,Mild Chicken & Pasta Bowl with Mushroom,Mediterranean,828,33,117,25,12,169,0,Dinner,42,4.3
1196,Creamy Beef & Pasta Bowl with Salad,Mediterranean,709,32,102,19,10,101,0,Dinner,30,3.9
1197,Roasted Lentils,Asian,337,9,34,18,7,36,1,Snack,5,5.0
1198,Grilled Chicken with Bread,American,398,48,24,12,11,145,0,Breakfast,8,3.7
1199,Mild Beef with Oats,Indian,628,35,97,11,9,132,0,Breakfast,7,4.8
1200,Roasted Beans,Asian,209,8,37,3,3,35,1,Snack,7,4.2
1201,Oats with Fruits & Nuts,Asian,765,38,70,37,9,48,1,Breakfast,21,4.4
1202,Roasted Chickpeas,Mexican,258,6,54,2,6,40,1,Snack,7,4.9
1203,Spicy Pork & Pasta Bowl with Mushroom,American,839,49,122,17,6,161,0,Dinner,20,4.3
1204,Spicy Beans & Bread Bowl with Salad,Italian,523,19,57,24,12,75,1,Lunch,18,3.8
1205,Baked Pork & Oats Bowl with Spinach,Mexican,716,42,123,6,5,136,0,Dinner,33,3.7
1206,Greek Yogurt with Honey,Italian,128,8,8,7,7,40,1,Snack,4,3.7
1207,Grilled Beef & Potato Bowl with Mushroom,Mediterranean,452,46,15,23,5,109,0,Lunch,40,4.2
1208,Grilled Pork with Rice,American,372,25,20,21,3,88,0,Breakfast,9,4.8
1209,Spicy Chickpeas & Bread Bowl with Mushroom,Indian,358,24,36,13,8,67,1,Lunch,33,4.6
1210,Baked Pork & Oats Bowl with Mixed Veggies,Mediterranean,781,54,118,10,11,88,0,Dinner,40,4.5
1211,Roasted Pork & Pasta Bowl with Mixed Veggies,American,411,32,21,22,6,102,0,Dinner,12,4.8
1212,Roasted Paneer,Mexican,341,11,40,15,5,45,1,Snack,4,4.9
1213,Baked Paneer & Potato Bowl with Mixed Veggies,American,595,27,108,6,10,50,1,Dinner,38,4.0
1214,Spicy Egg with Wrap,American,609,35,94,10,3,89,0,Breakfast,7,4.5
1215,Oats with Fruits & Nuts,Mexican,601,38,67,20,8,90,1,Breakfast,42,4.5
1216,Baked Chickpeas & Wrap Bowl with Spinach,Asian,692,33,117,10,13,111,1,Dinner,30,4.5
1217,Mild Beans & Quinoa Bowl with Salad,Italian,496,28,64,14,11,100,1,Dinner,41,3.9
1218,Creamy Pork with Pasta,Mexican,799,29,103,30,9,79,0,Breakfast,26,3.9
1219,Creamy Egg & Oats Bowl with Spinach,Italian,859,32,92,40,6,176,0,Dinner,31,4.3
1220,Greek Yogurt with Honey,Indian,223,23,12,9,2,63,0,Snack,3,4.4
1221,Wrap with Mixed Veggies,Asian,684,38,112,9,12,68,1,Breakfast,42,4.1
1222,Creamy Tofu & Quinoa Bowl with Broccoli,Indian,1029,30,146,36,9,103,1,Dinner,13,4.5
1223,Roasted Lentils,Mexican,249,5,37,9,6,34,1,Snack,8,4.7
1224,Grilled Lentils & Oats Bowl with Mixed Veggies,Mediterranean,569,12,92,17,7,93,1,Dinner,38,3.8
1225,Baked Turkey & Rice Bowl with Mixed Veggies,Italian,436,33,28,21,11,114,0,Lunch,23,3.8
1226,Creamy Chicken & Wrap Bowl with Salad,Asian,961,32,143,29,5,186,0,Dinner,35,4.6
1227,Creamy Chickpeas & Bread Bowl with Broccoli,Indian,838,26,125,26,11,114,1,Lunch,31,4.1
1228,Mild Turkey & Oats Bowl with Salad,Mexican,431,51,11,20,10,141,0,Dinner,17,5.0
1229,Baked Tofu & Oats Bowl with Mushroom,Indian,764,25,127,17,12,81,1,Dinner,41,5.0
1230,Greek Yogurt with Honey,American,256,12,43,4,6,16,1,Snack,2,3.8
1231,Grilled Turkey with Bread,American,406,35,12,24,5,135,0,Breakfast,43,4.0
1232,Spicy Beef & Pasta Bowl with Salad,American,343,44,1,18,11,113,0,Lunch,28,4.6
1233,Grilled Fish Bites,American,254,28,28,3,3,56,0,Snack,6,3.9
1234,Spicy Chicken & Oats Bowl with Mushroom,Mexican,384,43,12,18,7,162,0,Lunch,30,3.7
1235,Creamy Turkey & Wrap Bowl with Salad,Mediterranean,924,46,104,36,9,155,0,Lunch,38,4.4
1236,Baked Chickpeas & Potato Bowl with Spinach,Mexican,392,39,38,9,7,72,1,Lunch,22,4.3
1237,Grilled Chicken & Rice Bowl with Spinach,Asian,448,41,12,26,5,89,0,Dinner,17,3.7
1238,Fried Beef with Pasta,Italian,689,23,72,34,7,116,0,Breakfast,9,3.7
1239,Mild Beans & Rice Bowl with Mixed Veggies,Asian,357,37,38,6,14,70,1,Lunch,34,3.9
1240,Potato with Mixed Veggies,Mediterranean,364,15,24,23,7,97,1,Breakfast,25,4.5
1241,Roasted Lentils,Mediterranean,380,12,42,18,5,38,1,Snack,9,4.9
1242,Creamy Lentils & Pasta Bowl with Salad,Mexican,770,38,109,20,8,115,1,Lunch,17,5.0
1243,Grilled Chickpeas & Wrap Bowl with Spinach,Asian,395,30,3,29,17,85,1,Dinner,37,4.3
1244,Roasted Paneer,American,373,15,40,17,4,20,1,Snack,7,3.7
1245,Grilled Chickpeas & Rice Bowl with Mixed Veggies,American,410,22,37,19,11,125,1,Dinner,5,4.9
1246,Oats with Fruits & Nuts,American,366,33,38,9,6,63,1,Breakfast,27,5.0
1247,Mild Egg & Pasta Bowl with Salad,Mexican,363,56,16,8,11,122,0,Lunch,13,4.1
1248,Fried Pork & Rice Bowl with Mixed Veggies,Mexican,768,52,54,38,12,173,0,Dinner,19,4.7
1249,Roasted Lentils,Asian,187,12,23,5,5,38,1,Snack,9,4.9
1250,Fried Beans & Wrap Bowl with Salad,Mexican,727,12,82,39,5,91,1,Dinner,23,3.9
1251,Creamy Turkey with Quinoa,Asian,653,38,78,21,6,112,0,Breakfast,38,4.5
1252,Mild Paneer & Bread Bowl with Mixed Veggies,Italian,533,30,87,7,12,64,1,Lunch,28,3.6
1253,Grilled Turkey Bites,Italian,459,32,33,22,2,53,0,Snack,7,4.5
1254,Spicy Egg & Bread Bowl with Spinach,Italian,467,57,12,21,10,127,0,Dinner,16,4.8
1255,Fried Egg & Quinoa Bowl with Mixed Veggies,Asian,796,33,109,25,8,115,0,Lunch,29,4.7
1256,Spicy Lentils & Quinoa Bowl with Salad,Mediterranean,654,22,101,18,4,66,1,Dinner,23,4.8
1257,Creamy Turkey & Wrap Bowl with Broccoli,Italian,826,55,88,28,7,109,0,Lunch,22,4.8
1258,Roasted Chickpeas & Potato Bowl with Mixed Veggies,Mexican,543,27,95,6,6,66,1,Lunch,10,4.3
1259,Grilled Chicken & Oats Bowl with Mixed Veggies,Mexican,441,53,34,10,12,151,0,Dinner,10,4.1
1260,Spicy Pork & Wrap Bowl with Mushroom,Italian,516,30,45,24,3,130,0,Lunch,35,4.0
1261,Roasted Beans & Rice Bowl with Salad,Asian,523,12,100,8,13,50,1,Lunch,31,4.4
1262,Fried Chicken with Quinoa,Asian,601,44,36,31,2,148,0,Breakfast,27,4.7
1263,Oats with Fruits & Nuts,Mexican,640,30,80,22,14,92,1,Breakfast,13,3.6
1264,Oats with Spinach,Mexican,301,37,2,16,12,88,1,Breakfast,13,4.7
1265,Oats with Salad,Mediterranean,560,18,61,27,11,105,1,Breakfast,22,4.1
1266,Potato with Spinach,Asian,389,34,31,14,9,93,1,Breakfast,8,4.8
1267,Grilled Egg & Pasta Bowl with Mushroom,American,372,49,12,14,8,102,0,Lunch,44,3.6
1268,Oats with Fruits & Nuts,Mediterranean,631,22,93,19,4,114,1,Breakfast,32,4.6
1269,Grilled Egg Bites,American,135,18,4,5,3,74,0,Snack,9,4.6
1270,Fried Turkey with Potato,American,949,46,117,33,4,94,0,Breakfast,6,4.8
1271,Fried Pork & Pasta Bowl with Mixed Veggies,Indian,647,41,48,32,11,128,0,Lunch,35,3.8
1272,Creamy Turkey & Oats Bowl with Salad,Italian,910,32,132,28,2,131,0,Dinner,38,4.5
1273,Grilled Fish Bites,American,437,32,34,19,2,54,0,Snack,3,4.6
1274,Spicy Chicken & Oats Bowl with Broccoli,Mediterranean,361,27,9,24,3,127,0,Dinner,18,3.6
1275,Creamy Egg & Wrap Bowl with Mixed Veggies,Mediterranean,561,23,65,23,5,90,0,Lunch,40,3.8
1276,Grilled Chickpeas & Oats Bowl with Mushroom,American,613,39,89,11,14,93,1,Lunch,39,3.7
1277,Oats with Fruits & Nuts,Italian,472,22,80,7,11,77,1,Breakfast,18,4.9
1278,Fried Pork with Potato,Italian,517,32,50,21,8,129,0,Breakfast,38,4.3
1279,Baked Paneer & Oats Bowl with Broccoli,American,486,19,62,18,13,68,1,Dinner,33,3.7
1280,Fried Chickpeas & Wrap Bowl with Spinach,Mediterranean,754,23,104,27,8,105,1,Lunch,34,3.7
1281,Grilled Beans & Wrap Bowl with Mixed Veggies,Mexican,330,14,39,13,7,74,1,Lunch,14,4.1
1282,Roasted Turkey & Rice Bowl with Mixed Veggies,American,666,44,59,28,5,193,0,Dinner,36,3.6
1283,Greek Yogurt with Honey,Mediterranean,254,6,50,3,5,44,1,Snack,3,3.5
1284,Creamy Beans & Quinoa Bowl with Broccoli,Mediterranean,1001,17,159,33,18,79,1,Dinner,28,4.8
1285,Baked Chickpeas & Bread Bowl with Mixed Veggies,American,548,39,44,24,4,87,1,Dinner,13,4.1
1286,Creamy Chicken & Wrap Bowl with Spinach,Mediterranean,542,35,57,19,10,138,0,Lunch,20,3.6
1287,Spicy Lentils & Rice Bowl with Spinach,Mexican,601,24,90,16,14,69,1,Dinner,23,4.5
1288,Oats with Fruits & Nuts,Mexican,578,25,74,20,9,117,1,Breakfast,6,4.8
1289,Baked Paneer & Pasta Bowl with Broccoli,Asian,477,29,49,18,5,98,1,Dinner,16,4.4
1290,Pasta with Salad,Mediterranean,585,17,93,16,13,119,1,Breakfast,12,4.1
1291,Mild Beef & Quinoa Bowl with Spinach,Asian,393,51,22,11,7,108,0,Dinner,7,4.1
1292,Fried Turkey & Oats Bowl with Spinach,Italian,644,30,88,19,7,140,0,Dinner,34,3.6
1293,Grilled Paneer & Potato Bowl with Broccoli,Indian,404,34,33,15,12,40,1,Lunch,8,4.6
1294,Fried Beans & Pasta Bowl with Broccoli,Indian,723,30,105,20,14,108,1,Dinner,13,4.7
1295,Mild Tofu & Quinoa Bowl with Spinach,Mediterranean,565,18,100,10,9,59,1,Lunch,12,3.8
1296,Creamy Turkey & Wrap Bowl with Mushroom,Mexican,544,43,59,15,3,137,0,Lunch,34,3.8
1297,Spicy Turkey & Wrap Bowl with Salad,Indian,379,26,5,28,12,97,0,Dinner,22,4.3
1298,Oats with Salad,American,537,39,66,13,8,64,1,Breakfast,16,4.4
1299,Grilled Fish Bites,Mediterranean,165,26,1,6,1,59,0,Snack,4,4.3
1300,Grilled Pork Bites,Mexican,238,24,28,3,4,54,0,Snack,7,4.6
1301,Pasta with Mushroom,Asian,373,24,53,7,8,89,1,Breakfast,6,4.3
1302,Grilled Fish Bites,American,219,22,12,9,3,76,0,Snack,7,3.7
1303,Greek Yogurt with Honey,Mediterranean,400,20,41,17,4,79,0,Snack,3,3.7
1304,Mild Beef with Oats,Asian,535,40,46,21,8,91,0,Breakfast,25,4.6
1305,Roasted Lentils,Asian,208,15,23,6,5,31,1,Snack,6,3.7
1306,Pasta with Mixed Veggies,Mediterranean,620,27,101,12,8,116,1,Breakfast,44,4.1
1307,Roasted Beans,Mediterranean,267,13,44,4,6,42,1,Snack,7,5.0
1308,Grilled Egg Bites,Mexican,272,31,32,2,4,72,0,Snack,3,4.6
1309,Roasted Beans,American,259,4,47,6,5,26,1,Snack,5,4.0
1310,Baked Fish with Potato,Italian,373,20,23,22,5,147,0,Breakfast,44,4.6
1311,Greek Yogurt with Honey,Indian,243,28,12,9,2,47,0,Snack,8,3.9
1312,Fried Egg & Wrap Bowl with Mushroom,Asian,1118,32,171,34,8,158,0,Dinner,28,3.6
1313,Grilled Fish Bites,Italian,149,22,6,4,2,91,0,Snack,8,3.6
1314,Roasted Fish with Quinoa,Mediterranean,496,30,55,17,3,134,0,Breakfast,12,3.9
1315,Spicy Chickpeas & Wrap Bowl with Broccoli,Mediterranean,526,44,40,21,13,73,1,Dinner,29,4.9
1316,Greek Yogurt with Honey,Mediterranean,267,18,19,13,2,48,0,Snack,6,4.4
1317,Greek Yogurt with Honey,Italian,218,11,36,3,6,38,1,Snack,5,4.4
1318,Greek Yogurt with Honey,American,371,13,34,20,5,28,1,Snack,9,4.2
1319,Bread with Salad,Mediterranean,544,39,61,16,6,77,1,Breakfast,23,3.9
1320,Greek Yogurt with Honey,Mexican,186,29,13,2,2,74,0,Snack,6,3.9
1321,Mild Tofu & Bread Bowl with Broccoli,Indian,439,21,41,21,15,104,1,Dinner,26,3.6
1322,Mild Pork & Rice Bowl with Mixed Veggies,Asian,379,42,3,22,6,184,0,Dinner,35,3.9
1323,Grilled Fish Bites,Mediterranean,210,32,4,7,4,42,0,Snack,3,3.5
1324,Spicy Egg & Potato Bowl with Mixed Veggies,Mexican,316,34,9,16,4,116,0,Lunch,20,4.2
1325,Creamy Beef & Oats Bowl with Spinach,Indian,1041,52,134,33,7,111,0,Dinner,13,4.6
1326,Creamy Chicken & Potato Bowl with Mushroom,Asian,974,45,133,29,12,104,0,Dinner,17,4.0
1327,Greek Yogurt with Honey,Italian,357,23,23,19,3,63,0,Snack,8,4.0
1328,Baked Lentils & Quinoa Bowl with Broccoli,Asian,734,17,105,27,10,84,1,Dinner,10,4.9
1329,Mild Beans & Quinoa Bowl with Mushroom,Italian,657,25,83,25,10,98,1,Dinner,13,4.6
1330,Roasted Paneer & Wrap Bowl with Mushroom,Asian,498,22,80,10,9,57,1,Dinner,8,4.8
1331,Grilled Chicken & Bread Bowl with Spinach,Indian,741,50,88,21,14,107,0,Dinner,13,4.0
1332,Creamy Beans & Potato Bowl with Mushroom,Mediterranean,607,36,57,26,15,76,1,Lunch,39,4.4
1333,Creamy Tofu & Wrap Bowl with Broccoli,Italian,725,39,68,33,7,70,1,Lunch,24,3.7
1334,Roasted Tofu,Mexican,120,9,14,3,3,45,1,Snack,4,4.2
1335,Baked Turkey & Quinoa Bowl with Spinach,Asian,506,49,48,13,10,82,0,Lunch,41,4.9
1336,Greek Yogurt with Honey,American,208,22,18,5,1,58,0,Snack,7,3.5
1337,Creamy Pork & Quinoa Bowl with Salad,Mexican,742,29,104,23,3,115,0,Lunch,7,4.9
1338,Oats with Fruits & Nuts,Mediterranean,746,25,105,25,11,90,1,Breakfast,12,4.3
1339,Spicy Chicken with Bread,Mexican,515,52,47,13,2,83,0,Breakfast,18,3.6
1340,Baked Lentils & Potato Bowl with Spinach,American,481,15,55,22,12,68,1,Dinner,10,4.2
1341,Fried Beans & Wrap Bowl with Mixed Veggies,Mediterranean,757,39,98,23,15,60,1,Dinner,33,4.7
1342,Grilled Turkey with Rice,Mexican,443,38,36,16,5,148,0,Breakfast,15,5.0
1343,Mild Tofu & Potato Bowl with Mushroom,Asian,432,31,47,13,12,78,1,Lunch,29,4.3
1344,Spicy Lentils & Potato Bowl with Broccoli,Mediterranean,400,31,17,23,9,119,1,Dinner,37,3.6
1345,Grilled Pork Bites,Italian,142,22,0,6,1,59,0,Snack,5,4.5
1346,Baked Chickpeas & Wrap Bowl with Broccoli,Asian,539,19,75,18,5,49,1,Lunch,13,4.7
1347,Grilled Fish Bites,Italian,283,23,16,14,2,75,0,Snack,4,4.3
1348,Fried Beef with Pasta,Italian,522,41,40,22,6,134,0,Breakfast,18,3.9
1349,Roasted Chickpeas,Asian,148,15,6,7,6,27,1,Snack,8,4.2
1350,Creamy Chickpeas & Potato Bowl with Spinach,Mexican,1193,45,161,41,16,100,1,Dinner,34,3.5
1351,Baked Tofu & Oats Bowl with Salad,American,567,29,99,6,6,55,1,Lunch,39,4.5
1352,Fried Fish & Wrap Bowl with Mushroom,American,735,30,81,32,9,148,0,Lunch,27,4.0
1353,Grilled Lentils & Bread Bowl with Mixed Veggies,Mediterranean,837,37,136,16,18,58,1,Dinner,7,4.2
1354,Grilled Turkey Bites,Mediterranean,273,26,28,6,1,69,0,Snack,6,4.6
1355,Mild Paneer & Bread Bowl with Broccoli,American,404,42,45,6,8,141,1,Dinner,35,4.4
1356,Oats with Fruits & Nuts,American,583,28,68,22,7,82,1,Breakfast,43,4.9
1357,Spicy Beef with Oats,Mediterranean,368,36,17,17,9,139,0,Breakfast,39,4.1
1358,Grilled Chicken Bites,Italian,212,29,3,9,2,74,0,Snack,8,4.5
1359,Fried Paneer & Wrap Bowl with Mushroom,Indian,937,14,125,42,8,117,1,Dinner,36,4.4
1360,Fried Chickpeas & Potato Bowl with Spinach,Indian,745,44,77,29,13,100,1,Dinner,27,4.4
1361,Creamy Tofu & Rice Bowl with Mushroom,Mediterranean,797,15,128,25,7,71,1,Dinner,23,4.1
1362,Grilled Beef with Pasta,Mexican,466,34,69,6,10,98,0,Breakfast,16,3.5
1363,Baked Beans & Bread Bowl with Mixed Veggies,Mediterranean,386,16,42,17,8,111,1,Lunch,12,3.9
1364,Grilled Turkey Bites,Asian,394,18,44,16,4,79,0,Snack,8,3.6
1365,Oats with Fruits & Nuts,American,559,26,89,11,9,85,1,Breakfast,17,4.4
1366,Roasted Chickpeas,Italian,194,14,21,6,6,46,1,Snack,8,4.7
1367,Grilled Chicken Bites,Indian,198,26,10,6,3,89,0,Snack,9,4.2
1368,Roasted Beef & Oats Bowl with Mixed Veggies,American,448,50,12,22,10,94,0,Lunch,19,3.6
1369,Fried Beef with Oats,American,732,33,116,15,3,132,0,Breakfast,34,4.7
1370,Greek Yogurt with Honey,Indian,232,19,25,6,2,73,0,Snack,3,4.0
1371,Grilled Chicken & Rice Bowl with Broccoli,Mediterranean,555,57,66,7,9,155,0,Dinner,13,3.9
1372,Fried Chicken with Wrap,Italian,802,58,81,27,2,119,0,Breakfast,41,4.7
1373,Grilled Turkey Bites,Italian,226,26,12,8,2,89,0,Snack,7,4.7
1374,Greek Yogurt with Honey,Mediterranean,308,6,35,16,7,34,1,Snack,8,4.6
1375,Potato with Broccoli,Mediterranean,624,21,117,8,6,46,1,Breakfast,15,4.3
1376,Grilled Chicken Bites,Mexican,224,30,21,2,2,69,0,Snack,4,4.2
1377,Quinoa with Broccoli,Mediterranean,547,34,60,19,10,91,1,Breakfast,14,3.8
1378,Fried Chickpeas & Rice Bowl with Mushroom,Indian,928,27,146,26,12,69,1,Dinner,20,4.8
1379,Greek Yogurt with Honey,Asian,178,9,15,9,6,40,1,Snack,3,4.4
1380,Roasted Tofu,American,348,9,42,16,7,34,1,Snack,5,3.7
1381,Creamy Paneer & Rice Bowl with Salad,Mediterranean,724,46,69,29,12,143,1,Dinner,9,4.5
1382,Mild Turkey & Pasta Bowl with Salad,Mediterranean,608,43,88,9,4,134,0,Lunch,39,4.3
1383,Oats with Fruits & Nuts,Mediterranean,794,26,111,27,12,64,1,Breakfast,40,4.5
1384,Greek Yogurt with Honey,American,204,20,26,2,1,80,0,Snack,8,3.7
1385,Baked Beans & Quinoa Bowl with Spinach,Asian,751,23,133,14,16,106,1,Dinner,20,4.9
1386,Grilled Egg Bites,American,239,21,29,4,4,62,0,Snack,8,4.0
1387,Roasted Paneer & Quinoa Bowl with Mixed Veggies,Asian,504,34,40,23,9,92,1,Lunch,17,4.3
1388,Roasted Paneer & Wrap Bowl with Salad,Mediterranean,532,33,64,16,12,52,1,Dinner,29,4.2
1389,Roasted Paneer & Potato Bowl with Mushroom,Mexican,500,13,98,6,12,101,1,Lunch,41,5.0
1390,Bread with Mixed Veggies,Mediterranean,426,18,63,11,12,46,1,Breakfast,39,4.5
1391,Spicy Beef with Potato,Indian,694,57,69,21,11,130,0,Breakfast,17,4.3
1392,Greek Yogurt with Honey,Mediterranean,250,28,14,9,4,86,0,Snack,9,4.1
1393,Fried Pork & Pasta Bowl with Spinach,Indian,581,51,53,18,2,122,0,Lunch,17,3.7
1394,Spicy Tofu & Pasta Bowl with Salad,Mediterranean,378,37,12,20,8,40,1,Lunch,44,4.4
1395,Roasted Beef & Wrap Bowl with Mixed Veggies,Asian,503,43,62,9,2,97,0,Dinner,43,4.4
1396,Mild Beans & Potato Bowl with Spinach,Italian,380,24,12,26,10,119,1,Dinner,42,4.5
1397,Roasted Paneer,Indian,276,7,55,3,8,23,1,Snack,4,4.5
1398,Creamy Fish & Bread Bowl with Mixed Veggies,Mexican,703,37,73,29,2,100,0,Lunch,31,4.5
1399,Roasted Pork & Quinoa Bowl with Mushroom,Indian,476,51,18,22,4,73,0,Lunch,23,3.7
1400,Grilled Chickpeas & Quinoa Bowl with Salad,Indian,738,13,131,18,13,68,1,Dinner,31,3.5
1401,Spicy Chickpeas & Potato Bowl with Mushroom,Italian,689,29,98,20,9,86,1,Lunch,29,4.7
1402,Baked Chickpeas & Bread Bowl with Mushroom,Mediterranean,492,40,17,29,14,85,1,Dinner,8,3.9
1403,Grilled Fish Bites,Mexican,276,27,26,7,1,73,0,Snack,6,4.1
1404,Grilled Beef Bites,Italian,379,24,23,21,4,78,0,Snack,5,4.2
1405,Spicy Chickpeas & Quinoa Bowl with Mushroom,American,422,17,43,20,7,66,1,Lunch,36,4.3
1406,Grilled Turkey Bites,Indian,300,21,20,15,1,92,0,Snack,6,4.7
1407,Creamy Chickpeas & Pasta Bowl with Mixed Veggies,Indian,678,19,92,26,12,63,1,Dinner,22,3.8
1408,Baked Beef & Pasta Bowl with Broccoli,American,501,39,45,18,6,156,0,Lunch,9,4.2
1409,Greek Yogurt with Honey,Mexican,277,18,46,2,4,74,0,Snack,9,4.7
1410,Mild Beef & Oats Bowl with Spinach,Asian,401,48,20,14,7,114,0,Lunch,18,3.9
1411,Oats with Fruits & Nuts,Mexican,393,23,52,10,12,93,1,Breakfast,37,4.1
1412,Oats with Spinach,Mediterranean,683,10,131,13,4,40,1,Breakfast,15,4.4
1413,Creamy Lentils & Rice Bowl with Spinach,American,912,22,127,35,5,72,1,Lunch,34,3.6
1414,Wrap with Salad,Asian,662,25,95,20,13,81,1,Breakfast,44,4.7
1415,Roasted Chickpeas,Mexican,190,6,25,7,3,27,1,Snack,3,4.8
1416,Roasted Paneer,Asian,199,4,36,4,4,23,1,Snack,4,3.7
1417,Grilled Fish Bites,Mexican,239,26,18,7,4,85,0,Snack,8,4.8
1418,Wrap with Mushroom,Mexican,382,28,22,20,8,73,1,Breakfast,35,4.0
1419,Grilled Turkey & Wrap Bowl with Broccoli,Indian,470,36,45,16,8,169,0,Dinner,26,4.5
1420,Fried Paneer & Pasta Bowl with Salad,American,683,17,97,25,7,99,1,Dinner,13,3.8
1421,Grilled Turkey & Potato Bowl with Spinach,Mexican,631,35,71,23,2,84,0,Lunch,10,4.9
1422,Greek Yogurt with Honey,American,447,34,35,19,4,43,0,Snack,4,4.0
1423,Roasted Tofu,Indian,339,11,46,12,8,45,1,Snack,9,4.3
1424,Roasted Egg with Rice,Italian,598,33,62,24,9,113,0,Breakfast,18,3.9
1425,Fried Lentils & Bread Bowl with Broccoli,Mediterranean,459,11,65,17,11,80,1,Lunch,38,3.9
1426,Spicy Beans & Wrap Bowl with Salad,Asian,607,37,94,9,4,98,1,Lunch,41,4.2
1427,Fried Beef & Pasta Bowl with Broccoli,Indian,651,33,57,32,12,129,0,Dinner,28,4.1
1428,Oats with Fruits & Nuts,American,537,24,63,21,5,113,1,Breakfast,27,4.7
1429,Roasted Beans,Mexican,253,9,45,4,5,39,1,Snack,9,4.5
1430,Creamy Turkey with Quinoa,Mediterranean,717,39,72,30,9,144,0,Breakfast,9,3.6
1431,Oats with Fruits & Nuts,Mediterranean,717,34,86,26,9,74,1,Breakfast,31,3.6
1432,Grilled Fish Bites,Italian,191,24,12,5,3,85,0,Snack,7,4.8
1433,Grilled Fish Bites,American,164,34,0,3,3,84,0,Snack,3,4.3
1434,Fried Egg & Bread Bowl with Spinach,Mexican,886,57,108,25,7,154,0,Dinner,32,4.9
1435,Roasted Beans & Oats Bowl with Broccoli,Italian,637,36,71,23,7,130,1,Dinner,34,4.2
1436,Roasted Lentils & Bread Bowl with Salad,Asian,664,42,65,26,9,80,1,Dinner,40,4.2
1437,Spicy Beef & Oats Bowl with Spinach,Indian,634,46,78,15,6,103,0,Dinner,39,4.7
1438,Pasta with Broccoli,Italian,302,11,12,23,6,83,1,Breakfast,20,3.9
1439,Oats with Fruits & Nuts,Mexican,464,18,59,17,5,49,1,Breakfast,9,4.7
1440,Roasted Paneer,Indian,439,5,55,22,8,36,1,Snack,6,4.0
1441,Fried Fish with Potato,Mediterranean,569,56,21,29,10,84,0,Breakfast,10,4.8
1442,Creamy Beef & Potato Bowl with Mixed Veggies,American,884,49,97,33,6,165,0,Dinner,20,4.6
1443,Fried Egg with Pasta,Mediterranean,591,49,47,23,3,151,0,Breakfast,37,4.4
1444,Grilled Beef & Pasta Bowl with Mushroom,Indian,712,38,117,10,3,89,0,Dinner,26,4.5
1445,Creamy Fish & Rice Bowl with Mixed Veggies,American,858,66,69,35,12,102,0,Dinner,42,4.5
1446,Grilled Pork & Bread Bowl with Mixed Veggies,Indian,538,51,34,22,11,93,0,Lunch,9,4.1
1447,Grilled Tofu & Bread Bowl with Broccoli,Indian,568,22,108,5,10,119,1,Lunch,35,4.0
1448,Oats with Fruits & Nuts,Mediterranean,545,31,64,18,13,117,1,Breakfast,38,4.6
1449,Fried Egg & Rice Bowl with Mushroom,Asian,880,32,127,27,10,75,0,Lunch,11,4.0
1450,Grilled Fish Bites,Mediterranean,224,30,12,6,1,77,0,Snack,6,3.6
1451,Creamy Beef & Bread Bowl with Broccoli,Italian,1101,49,138,39,12,103,0,Dinner,35,3.9
1452,Spicy Turkey & Oats Bowl with Broccoli,Indian,373,41,5,21,6,135,0,Lunch,5,4.9
1453,Roasted Chickpeas,Mexican,183,13,12,9,5,27,1,Snack,4,4.0
1454,Mild Paneer & Oats Bowl with Mushroom,Indian,675,43,80,20,12,130,1,Dinner,13,3.7
1455,Mild Pork & Wrap Bowl with Mushroom,Asian,511,50,64,6,3,137,0,Lunch,19,4.3
1456,Roasted Paneer & Quinoa Bowl with Mushroom,American,639,25,98,16,12,64,1,Lunch,21,4.4
1457,Roasted Paneer,Italian,121,7,18,2,6,21,1,Snack,3,4.0
1458,Roasted Pork with Potato,American,354,36,18,15,7,128,0,Breakfast,6,3.9
1459,Creamy Beans & Potato Bowl with Salad,Mexican,719,19,75,38,10,134,1,Dinner,31,3.9
1460,Roasted Lentils,Indian,219,11,39,2,5,28,1,Snack,2,3.7
1461,Grilled Turkey & Rice Bowl with Broccoli,Italian,668,29,88,22,8,114,0,Lunch,11,4.1
1462,Creamy Egg & Pasta Bowl with Mixed Veggies,American,590,38,64,20,7,169,0,Dinner,30,4.9
1463,Grilled Pork Bites,Italian,348,23,19,20,3,56,0,Snack,7,3.7
1464,Mild Pork & Quinoa Bowl with Mushroom,Asian,479,51,23,20,4,160,0,Lunch,30,4.7
1465,Creamy Paneer & Potato Bowl with Salad,Asian,971,24,137,36,13,92,1,Dinner,11,3.6
1466,Oats with Mixed Veggies,Mexican,613,26,104,10,8,51,1,Breakfast,37,4.1
1467,Spicy Beans & Pasta Bowl with Mushroom,Italian,830,14,146,21,7,106,1,Dinner,43,4.6
1468,Creamy Turkey & Oats Bowl with Spinach,Mexican,664,25,80,27,5,95,0,Lunch,13,4.5
1469,Roasted Beef with Potato,American,468,48,26,19,7,66,0,Breakfast,30,3.7
1470,Grilled Beef Bites,Mexican,385,17,45,15,2,78,0,Snack,9,3.8
1471,Fried Chickpeas & Bread Bowl with Salad,Italian,551,33,57,21,5,70,1,Lunch,41,3.9
1472,Greek Yogurt with Honey,Asian,422,29,31,20,1,71,0,Snack,5,3.9
1473,Oats with Fruits & Nuts,Indian,385,18,49,13,6,77,1,Breakfast,11,4.3
1474,Bread with Salad,Mexican,386,17,48,14,9,52,1,Breakfast,40,4.9
1475,Creamy Beef & Bread Bowl with Mushroom,Asian,641,54,63,19,13,172,0,Dinner,40,4.4
1476,Oats with Fruits & Nuts,Mediterranean,310,31,35,5,12,44,1,Breakfast,7,4.9
1477,Roasted Beef & Pasta Bowl with Mushroom,Indian,671,34,106,12,5,138,0,Dinner,5,4.5
1478,Grilled Pork with Bread,Italian,386,30,26,18,8,149,0,Breakfast,40,4.3
1479,Oats with Fruits & Nuts,Mexican,437,16,64,13,8,55,1,Breakfast,42,4.2
1480,Spicy Beans & Bread Bowl with Salad,American,432,10,55,19,7,69,1,Lunch,24,5.0
1481,Potato with Broccoli,American,555,26,83,13,14,46,1,Breakfast,10,4.1
1482,Roasted Pork & Rice Bowl with Mixed Veggies,Mediterranean,556,45,37,25,6,155,0,Dinner,39,3.5
1483,Mild Chicken & Pasta Bowl with Salad,Italian,396,30,3,29,12,128,0,Dinner,32,4.5
1484,Grilled Beans & Bread Bowl with Spinach,Italian,615,21,119,6,7,45,1,Lunch,31,4.1
1485,Roasted Beans,American,397,11,50,17,5,44,1,Snack,4,3.6
1486,Oats with Fruits & Nuts,Mexican,466,20,47,22,12,68,1,Breakfast,33,3.6
1487,Pasta with Mushroom,Indian,910,12,154,27,14,98,1,Breakfast,5,4.2
1488,Roasted Paneer,Mediterranean,146,14,18,2,5,30,1,Snack,3,4.2
1489,Roasted Tofu,Mexican,202,15,22,6,4,47,1,Snack,7,4.1
1490,Greek Yogurt with Honey,Mediterranean,229,20,26,5,4,55,0,Snack,5,4.8
1491,Fried Paneer & Wrap Bowl with Mixed Veggies,American,833,15,125,30,12,58,1,Dinner,24,4.9
1492,Potato with Spinach,American,618,10,92,23,7,107,1,Breakfast,27,4.5
1493,Mild Beans & Rice Bowl with Broccoli,Indian,403,29,42,13,13,113,1,Dinner,8,4.3
1494,Fried Fish & Wrap Bowl with Spinach,Italian,1014,51,126,34,6,140,0,Dinner,10,3.5
1495,Roasted Beef & Quinoa Bowl with Broccoli,Mexican,426,40,12,24,13,177,0,Dinner,15,3.9
1496,Spicy Beans & Potato Bowl with Spinach,Asian,485,31,40,22,14,92,1,Dinner,37,4.2
1497,Grilled Egg Bites,Indian,241,22,18,9,1,88,0,Snack,2,4.8
1498,Spicy Turkey & Rice Bowl with Broccoli,Mediterranean,586,41,85,9,4,96,0,Lunch,29,3.6
1499,Roasted Beans,Indian,143,8,9,8,6,29,1,Snack,3,4.8
1500,Mild Egg with Potato,Asian,477,39,64,7,5,75,0,Breakfast,6,4.5
1501,Greek Yogurt with Honey,Asian,391,6,49,19,5,16,1,Snack,3,4.0
1502,Baked Fish & Quinoa Bowl with Salad,Asian,484,61,15,20,12,114,0,Dinner,33,4.8
1503,Pasta with Salad,Indian,490,20,57,20,11,44,1,Breakfast,18,4.4
1504,Fried Chicken & Bread Bowl with Mushroom,Mexican,893,27,142,24,6,155,0,Lunch,20,4.2
1505,Baked Fish & Wrap Bowl with Salad,Italian,605,44,57,22,3,115,0,Lunch,44,4.8
1506,Rice with Salad,Mexican,313,11,26,18,13,67,1,Breakfast,26,4.8
1507,Mild Chickpeas & Wrap Bowl with Broccoli,Italian,437,26,29,24,10,71,1,Dinner,42,4.3
1508,Fried Beans & Wrap Bowl with Mushroom,Indian,717,10,117,23,11,101,1,Lunch,42,4.9
1509,Oats with Fruits & Nuts,Italian,537,18,93,10,15,62,1,Breakfast,39,4.8
1510,Rice with Mixed Veggies,Asian,524,38,45,21,11,118,1,Breakfast,10,4.6
1511,Fried Chickpeas & Wrap Bowl with Mushroom,Indian,741,25,88,32,11,118,1,Dinner,21,4.7
1512,Baked Chickpeas & Oats Bowl with Mixed Veggies,Mexican,520,18,94,8,10,143,1,Dinner,15,4.5
1513,Fried Paneer & Quinoa Bowl with Spinach,Mexican,661,21,63,36,4,67,1,Lunch,15,4.3
1514,Roasted Chickpeas & Oats Bowl with Mixed Veggies,Indian,431,36,38,15,13,118,1,Lunch,41,4.5
1515,Roasted Fish & Potato Bowl with Salad,American,438,53,38,8,5,123,0,Lunch,43,4.8
1516,Spicy Beef with Wrap,Mexican,419,58,24,10,6,131,0,Breakfast,11,4.8
1517,Mild Fish & Quinoa Bowl with Mushroom,Italian,330,41,30,5,10,99,0,Lunch,27,5.0
1518,Mild Beans & Bread Bowl with Salad,Italian,558,29,72,17,5,52,1,Lunch,42,3.6
1519,Greek Yogurt with Honey,Asian,416,14,49,18,1,52,0,Snack,5,3.7
1520,Mild Paneer & Bread Bowl with Mixed Veggies,Mexican,677,24,111,15,6,58,1,Lunch,18,4.9
1521,Spicy Tofu & Pasta Bowl with Mixed Veggies,Indian,361,38,29,10,11,60,1,Lunch,20,4.2
1522,Mild Pork with Wrap,Italian,345,51,6,13,6,69,0,Breakfast,40,4.3
1523,Rice with Mixed Veggies,Italian,543,21,87,12,10,114,1,Breakfast,25,4.3
1524,Baked Paneer & Pasta Bowl with Mixed Veggies,American,463,47,12,25,11,85,1,Dinner,21,4.8
1525,Fried Chicken with Rice,American,772,47,105,18,7,137,0,Breakfast,42,3.6
1526,Greek Yogurt with Honey,Italian,243,15,32,6,5,31,1,Snack,6,4.5
1527,Grilled Beans & Quinoa Bowl with Salad,Mexican,813,45,122,16,10,79,1,Dinner,14,4.0
1528,Fried Fish with Rice,Indian,786,21,137,17,6,134,0,Breakfast,25,4.7
1529,Grilled Chicken Bites,American,219,27,18,4,1,50,0,Snack,4,5.0
1530,Creamy Tofu & Rice Bowl with Spinach,Indian,919,39,107,37,9,107,1,Dinner,11,4.8
1531,Oats with Fruits & Nuts,American,617,22,112,9,5,65,1,Breakfast,16,4.2
1532,Spicy Beans & Wrap Bowl with Spinach,American,694,26,86,27,11,66,1,Dinner,16,3.5
1533,Creamy Beans & Wrap Bowl with Mixed Veggies,Asian,810,28,82,41,6,56,1,Dinner,19,3.6
1534,Fried Fish with Potato,Italian,842,48,97,29,9,89,0,Breakfast,20,3.6
1535,Greek Yogurt with Honey,Mediterranean,334,20,36,12,0,80,0,Snack,6,3.8
1536,Roasted Beans,Italian,350,5,44,17,8,25,1,Snack,8,3.8
1537,Greek Yogurt with Honey,Italian,251,18,24,9,4,68,0,Snack,3,5.0
1538,Roasted Turkey & Oats Bowl with Salad,Italian,695,41,87,20,7,110,0,Lunch,15,4.1
1539,Greek Yogurt with Honey,Mexican,331,13,36,15,6,30,1,Snack,4,4.2
1540,Grilled Beef Bites,Mediterranean,192,25,18,2,1,69,0,Snack,6,4.5
1541,Greek Yogurt with Honey,Mediterranean,166,24,4,6,2,55,0,Snack,2,3.6
1542,Grilled Beef Bites,Indian,196,22,11,7,3,88,0,Snack,5,4.8
1543,Greek Yogurt with Honey,Mexican,431,6,63,17,5,39,1,Snack,6,3.9
1544,Grilled Chicken & Oats Bowl with Broccoli,Mediterranean,379,37,46,5,9,138,0,Lunch,19,4.2
1545,Mild Chicken & Pasta Bowl with Spinach,Indian,699,37,83,24,8,112,0,Lunch,13,4.3
1546,Grilled Fish & Potato Bowl with Salad,Mexican,411,55,23,11,5,125,0,Dinner,17,3.7
1547,Creamy Paneer & Potato Bowl with Broccoli,Indian,868,45,86,38,6,105,1,Dinner,8,4.3
1548,Mild Turkey & Wrap Bowl with Salad,Italian,438,54,24,14,8,68,0,Lunch,5,3.7
1549,Creamy Beans & Potato Bowl with Salad,American,845,11,117,37,12,51,1,Lunch,42,4.1
1550,Spicy Beef & Wrap Bowl with Mixed Veggies,Mediterranean,688,41,65,29,4,107,0,Dinner,25,3.8
1551,Grilled Pork Bites,Mexican,265,28,29,4,0,67,0,Snack,2,4.5
1552,Mild Paneer & Pasta Bowl with Spinach,Asian,737,19,122,19,15,120,1,Dinner,32,4.5
1553,Greek Yogurt with Honey,Indian,224,11,27,8,2,25,1,Snack,7,4.3
1554,Grilled Beef & Bread Bowl with Broccoli,Mexican,484,52,35,15,9,87,0,Dinner,16,3.6
1555,Pasta with Broccoli,Italian,415,16,36,23,7,40,1,Breakfast,5,4.0
1556,Quinoa with Mixed Veggies,Indian,470,31,57,13,12,73,1,Breakfast,19,3.7
1557,Fried Lentils & Pasta Bowl with Mushroom,Italian,840,34,99,34,5,104,1,Lunch,23,4.5
1558,Grilled Chicken & Bread Bowl with Broccoli,Mexican,726,36,118,12,11,97,0,Dinner,18,3.6
1559,Greek Yogurt with Honey,Indian,246,29,25,3,2,82,0,Snack,3,4.9
1560,Oats with Fruits & Nuts,American,534,37,49,21,14,48,1,Breakfast,28,3.6
1561,Spicy Paneer & Rice Bowl with Mixed Veggies,Indian,428,33,31,19,13,61,1,Dinner,29,4.2
1562,Grilled Chicken Bites,American,185,27,12,3,4,86,0,Snack,6,4.2
1563,Roasted Chickpeas & Rice Bowl with Broccoli,Indian,568,34,90,8,15,100,1,Dinner,17,4.7
1564,Oats with Fruits & Nuts,Indian,375,28,20,20,9,45,1,Breakfast,13,3.6
1565,Roasted Tofu & Wrap Bowl with Spinach,American,410,35,51,7,13,108,1,Lunch,13,3.9
1566,Quinoa with Broccoli,Mediterranean,640,35,75,22,14,87,1,Breakfast,16,4.6
1567,Grilled Turkey Bites,Mexican,425,31,23,23,2,76,0,Snack,4,3.7
1568,Spicy Beef & Oats Bowl with Spinach,Italian,704,62,100,6,12,95,0,Dinner,27,5.0
1569,Oats with Fruits & Nuts,Asian,587,22,82,19,15,64,1,Breakfast,17,4.7
1570,Baked Egg with Oats,American,569,43,67,14,4,110,0,Breakfast,29,3.6
1571,Grilled Chicken & Wrap Bowl with Mixed Veggies,Mexican,587,49,77,9,9,125,0,Lunch,39,4.4
1572,Potato with Spinach,Asian,612,36,67,22,9,84,1,Breakfast,35,4.4
1573,Roasted Egg & Pasta Bowl with Salad,Asian,389,49,1,21,11,80,0,Lunch,34,4.7
1574,Fried Chickpeas & Quinoa Bowl with Mixed Veggies,Italian,805,44,69,39,15,81,1,Dinner,24,4.8
1575,Grilled Chickpeas & Wrap Bowl with Salad,Mexican,450,30,39,19,15,112,1,Dinner,41,4.1
1576,Mild Pork & Wrap Bowl with Salad,Italian,684,53,91,12,5,107,0,Lunch,10,4.7
1577,Creamy Turkey with Oats,Asian,969,37,137,30,8,155,0,Breakfast,42,4.1
1578,Greek Yogurt with Honey,Asian,447,18,46,21,3,52,0,Snack,2,4.5
1579,Grilled Paneer & Pasta Bowl with Salad,Italian,739,16,135,15,11,101,1,Dinner,34,3.8
1580,Creamy Tofu & Oats Bowl with Broccoli,Mexican,882,28,145,21,12,75,1,Lunch,36,4.2
1581,Fried Paneer & Rice Bowl with Mixed Veggies,Mediterranean,862,28,124,28,15,115,1,Lunch,9,4.1
1582,Baked Beef & Rice Bowl with Mushroom,Italian,640,48,89,10,5,139,0,Dinner,13,4.2
1583,Oats with Fruits & Nuts,Italian,660,12,119,15,11,55,1,Breakfast,14,3.8
1584,Oats with Fruits & Nuts,Mexican,667,20,95,23,15,65,1,Breakfast,39,4.9
1585,Roasted Paneer & Oats Bowl with Mixed Veggies,American,636,13,121,11,7,71,1,Lunch,23,4.9
1586,Mild Tofu & Rice Bowl with Mushroom,Indian,621,38,72,20,17,66,1,Dinner,30,4.8
1587,Grilled Egg Bites,Indian,243,21,21,8,4,56,0,Snack,6,4.6
1588,Spicy Pork with Potato,American,392,54,12,14,3,136,0,Breakfast,34,3.8
1589,Baked Chicken & Wrap Bowl with Mushroom,Mexican,457,53,36,11,3,129,0,Lunch,14,5.0
1590,Creamy Beef with Oats,Asian,859,35,121,26,2,79,0,Breakfast,5,4.3
1591,Baked Beans & Pasta Bowl with Broccoli,American,820,42,129,15,15,113,1,Dinner,30,4.1
1592,Mild Egg with Pasta,Mexican,466,35,63,8,11,106,0,Breakfast,15,3.6
1593,Creamy Turkey & Rice Bowl with Mushroom,American,680,38,64,30,2,153,0,Lunch,26,3.7
1594,Grilled Egg Bites,Italian,211,29,12,5,4,51,0,Snack,9,4.0
1595,Mild Egg & Pasta Bowl with Spinach,American,486,44,14,28,8,84,0,Dinner,39,4.9
1596,Roasted Chickpeas,Indian,190,4,39,2,5,27,1,Snack,9,4.9
1597,Grilled Turkey Bites,Italian,239,29,24,3,4,59,0,Snack,2,4.7
1598,Roasted Beef & Rice Bowl with Mixed Veggies,Mediterranean,638,49,70,18,11,132,0,Lunch,42,4.2
1599,Roasted Fish & Pasta Bowl with Mushroom,Mediterranean,612,22,83,21,9,77,0,Lunch,32,3.7
1600,Roasted Lentils,Mediterranean,209,8,33,5,6,37,1,Snack,2,4.3
1601,Oats with Fruits & Nuts,Mexican,572,11,116,7,15,80,1,Breakfast,19,4.5
1602,Roasted Chickpeas,American,339,7,44,15,5,20,1,Snack,8,4.4
1603,Grilled Tofu & Rice Bowl with Salad,Mexican,352,19,33,16,10,77,1,Lunch,39,3.6
1604,Creamy Tofu & Pasta Bowl with Spinach,Mediterranean,783,46,73,34,7,121,1,Dinner,30,3.8
1605,Potato with Broccoli,Mediterranean,328,30,18,15,10,67,1,Breakfast,42,4.9
1606,Roasted Tofu,Mexican,408,13,50,17,7,38,1,Snack,2,4.1
1607,Grilled Chicken & Oats Bowl with Salad,Italian,570,34,61,21,10,73,0,Lunch,37,4.2
1608,Oats with Fruits & Nuts,Asian,400,14,52,15,12,102,1,Breakfast,32,3.8
1609,Fried Lentils & Potato Bowl with Spinach,Mexican,932,37,121,33,9,91,1,Lunch,31,4.3
1610,Pasta with Mushroom,Italian,642,23,83,24,10,61,1,Breakfast,26,4.6
1611,Roasted Tofu,Italian,365,6,44,18,6,22,1,Snack,6,4.3
1612,Mild Fish with Quinoa,Asian,320,29,39,5,2,134,0,Breakfast,16,4.1
1613,Roasted Chicken & Potato Bowl with Mixed Veggies,American,607,59,34,26,5,148,0,Dinner,19,3.8
1614,Baked Fish & Potato Bowl with Spinach,Mexican,570,49,66,12,4,151,0,Lunch,43,4.4
1615,Grilled Egg with Oats,Italian,590,45,57,20,3,84,0,Breakfast,12,4.8
1616,Oats with Fruits & Nuts,Mexican,805,23,115,28,10,118,1,Breakfast,40,4.6
1617,Oats with Fruits & Nuts,Mediterranean,524,28,51,23,7,75,1,Breakfast,37,3.9
1618,Oats with Broccoli,Mediterranean,316,24,39,7,5,86,1,Breakfast,29,4.8
1619,Spicy Turkey & Oats Bowl with Mixed Veggies,Italian,529,57,23,23,7,103,0,Lunch,30,4.5
1620,Quinoa with Broccoli,Italian,502,29,76,9,14,50,1,Breakfast,44,4.8
1621,Baked Egg & Rice Bowl with Broccoli,Mexican,778,32,146,7,8,151,0,Dinner,40,4.3
1622,Fried Chicken & Pasta Bowl with Mixed Veggies,Asian,928,44,116,32,3,101,0,Lunch,18,3.7
1623,Roasted Beans,Italian,152,9,15,6,3,18,1,Snack,7,4.6
1624,Creamy Egg & Rice Bowl with Broccoli,Indian,864,50,112,24,8,113,0,Dinner,21,4.5
1625,Oats with Fruits & Nuts,American,531,39,55,17,11,59,1,Breakfast,5,4.4
1626,Creamy Chicken with Rice,Asian,929,42,120,31,5,86,0,Breakfast,41,4.1
1627,Mild Chicken & Quinoa Bowl with Salad,Italian,655,64,81,8,5,163,0,Dinner,38,4.4
1628,Mild Chickpeas & Bread Bowl with Mixed Veggies,Asian,507,21,58,21,7,115,1,Lunch,40,3.5
1629,Roasted Beans,Indian,296,10,30,15,6,38,1,Snack,9,4.3
1630,Baked Tofu & Rice Bowl with Broccoli,Mexican,363,22,57,5,9,90,1,Lunch,22,4.3
1631,Roasted Tofu & Potato Bowl with Spinach,American,507,32,43,23,13,54,1,Lunch,27,4.7
1632,Grilled Chicken with Bread,Indian,302,30,16,13,2,95,0,Breakfast,11,3.5
1633,Baked Lentils & Bread Bowl with Mushroom,Asian,345,23,11,23,9,95,1,Lunch,36,3.7
1634,Creamy Beef & Bread Bowl with Mushroom,Asian,598,30,74,20,3,87,0,Lunch,37,3.6
1635,Greek Yogurt with Honey,Mexican,150,22,4,5,1,76,0,Snack,6,4.4
1636,Grilled Beef Bites,Mexican,385,18,42,16,3,83,0,Snack,9,4.2
1637,Roasted Chickpeas,Italian,234,9,45,2,4,23,1,Snack,8,5.0
1638,Spicy Turkey & Pasta Bowl with Mixed Veggies,Indian,617,47,55,23,4,153,0,Dinner,9,4.3
1639,Roasted Paneer,Mediterranean,175,8,29,3,4,38,1,Snack,5,4.6
1640,Greek Yogurt with Honey,Mexican,227,24,12,9,3,58,0,Snack,7,3.7
1641,Roasted Lentils,Indian,199,5,31,6,4,30,1,Snack,2,4.0
1642,Fried Fish & Potato Bowl with Mushroom,Mediterranean,910,46,89,41,3,151,0,Dinner,18,4.2
1643,Fried Lentils & Oats Bowl with Mixed Veggies,Asian,973,42,142,26,12,107,1,Dinner,15,4.5
1644,Baked Chicken with Rice,American,421,38,26,18,4,83,0,Breakfast,6,4.1
1645,Baked Chicken with Rice,Indian,471,46,26,20,7,97,0,Breakfast,17,4.8
1646,Roasted Lentils,Indian,257,9,35,9,7,43,1,Snack,2,3.7
1647,Grilled Turkey Bites,Mediterranean,242,19,28,6,1,48,0,Snack,8,3.9
1648,Roasted Egg & Oats Bowl with Spinach,Asian,546,40,58,17,5,101,0,Lunch,29,3.7
1649,Oats with Mixed Veggies,Mediterranean,439,32,41,16,7,87,1,Breakfast,18,3.8
1650,Baked Chicken with Pasta,Indian,628,46,57,24,11,104,0,Breakfast,29,4.8
1651,Roasted Paneer & Pasta Bowl with Spinach,Mexican,537,39,84,5,14,74,1,Lunch,5,4.4
1652,Mild Beef & Pasta Bowl with Mushroom,Italian,576,54,72,8,12,115,0,Dinner,15,4.1
1653,Baked Egg with Pasta,Indian,329,29,35,8,11,159,0,Breakfast,33,4.2
1654,Grilled Chicken & Quinoa Bowl with Mixed Veggies,American,390,31,21,20,11,120,0,Dinner,43,3.8
1655,Greek Yogurt with Honey,Italian,231,25,12,9,2,45,0,Snack,7,4.5
1656,Greek Yogurt with Honey,American,198,19,12,8,2,73,0,Snack,8,3.6
1657,Creamy Beef & Potato Bowl with Spinach,Indian,899,46,122,25,7,105,0,Lunch,24,3.6
1658,Oats with Fruits & Nuts,American,644,32,117,5,6,64,1,Breakfast,16,4.7
1659,Fried Paneer & Potato Bowl with Mixed Veggies,Mexican,783,23,109,28,12,89,1,Dinner,36,4.0
1660,Oats with Fruits & Nuts,American,643,14,110,16,7,72,1,Breakfast,12,4.6
1661,Bread with Mushroom,Mediterranean,518,17,76,16,8,67,1,Breakfast,9,3.9
1662,Oats with Fruits & Nuts,Mediterranean,301,25,36,6,9,65,1,Breakfast,43,3.7
1663,Roasted Tofu,Indian,208,6,41,2,7,16,1,Snack,6,4.7
1664,Grilled Pork Bites,Indian,208,20,16,7,2,49,0,Snack,9,3.6
1665,Fried Beans & Quinoa Bowl with Broccoli,Mediterranean,937,47,113,33,6,81,1,Dinner,21,3.9
1666,Mild Chicken with Rice,Mediterranean,667,31,122,6,9,116,0,Breakfast,29,3.9
1667,Greek Yogurt with Honey,Mediterranean,224,20,27,4,3,77,0,Snack,5,4.7
1668,Creamy Tofu & Pasta Bowl with Salad,American,872,45,132,18,7,93,1,Dinner,28,3.5
1669,Grilled Lentils & Quinoa Bowl with Broccoli,Italian,447,31,38,19,15,134,1,Dinner,30,4.5
1670,Greek Yogurt with Honey,Mexican,407,24,35,19,2,72,0,Snack,6,3.9
1671,Greek Yogurt with Honey,Asian,253,12,42,4,5,31,1,Snack,6,4.2
1672,Roasted Lentils & Wrap Bowl with Mushroom,Mexican,424,28,46,14,14,88,1,Lunch,25,4.6
1673,Grilled Chicken Bites,Asian,195,23,19,3,3,74,0,Snack,2,3.7
1674,Grilled Egg Bites,Mediterranean,241,22,29,4,2,76,0,Snack,6,3.9
1675,Spicy Turkey & Pasta Bowl with Salad,Italian,533,55,35,19,5,137,0,Dinner,12,4.1
1676,Creamy Paneer & Pasta Bowl with Mushroom,American,607,38,50,28,7,79,1,Lunch,23,4.8
1677,Quinoa with Mixed Veggies,Italian,390,31,53,6,11,82,1,Breakfast,7,4.3
1678,Grilled Turkey with Wrap,Italian,541,29,59,21,2,86,0,Breakfast,21,4.2
1679,Fried Egg & Bread Bowl with Broccoli,Indian,620,38,65,23,11,107,0,Lunch,9,4.0
1680,Bread with Salad,American,686,18,104,22,6,98,1,Breakfast,22,4.8
1681,Quinoa with Broccoli,American,472,19,47,23,9,82,1,Breakfast,32,4.8
1682,Fried Tofu & Oats Bowl with Mushroom,American,651,25,63,33,15,90,1,Lunch,42,4.7
1683,Grilled Chickpeas & Bread Bowl with Mushroom,Mediterranean,370,30,44,8,17,65,1,Dinner,14,4.9
1684,Roasted Tofu,Mediterranean,120,13,10,3,7,31,1,Snack,6,4.2
1685,Mild Chicken & Quinoa Bowl with Mushroom,Mexican,318,36,14,13,4,105,0,Lunch,20,3.7
1686,Creamy Pork & Quinoa Bowl with Spinach,Indian,1045,60,111,40,11,142,0,Dinner,30,4.4
1687,Rice with Broccoli,Asian,619,17,88,22,8,116,1,Breakfast,7,4.9
1688,Mild Lentils & Rice Bowl with Salad,Indian,425,45,38,10,5,110,1,Dinner,10,4.5
1689,Creamy Pork & Wrap Bowl with Mushroom,Mediterranean,724,49,57,33,11,138,0,Lunch,38,3.8
1690,Mild Pork with Rice,American,672,40,105,10,10,145,0,Breakfast,13,4.2
1691,Baked Chicken with Wrap,Indian,604,50,74,12,9,138,0,Breakfast,32,3.8
1692,Roasted Lentils,Mediterranean,181,4,34,3,6,19,1,Snack,7,4.1
1693,Spicy Beef & Quinoa Bowl with Spinach,American,496,38,47,17,10,96,0,Dinner,8,4.3
1694,Grilled Beef & Pasta Bowl with Mixed Veggies,Indian,698,41,111,10,6,134,0,Lunch,7,3.7
1695,Greek Yogurt with Honey,Mediterranean,322,22,13,20,3,82,0,Snack,3,3.8
1696,Grilled Lentils & Potato Bowl with Broccoli,Italian,622,41,80,15,11,85,1,Dinner,30,4.0
1697,Baked Chickpeas & Oats Bowl with Broccoli,Asian,662,17,130,8,9,104,1,Dinner,9,4.6
1698,Oats with Fruits & Nuts,Italian,684,27,128,7,14,62,1,Breakfast,22,4.2
1699,Oats with Salad,Asian,572,23,52,30,8,51,1,Breakfast,21,3.8
1700,Fried Beans & Wrap Bowl with Spinach,Asian,712,19,123,16,9,86,1,Lunch,30,3.7
1701,Grilled Fish Bites,Italian,263,19,40,3,3,83,0,Snack,9,4.5
1702,Spicy Pork & Oats Bowl with Mushroom,Mediterranean,478,35,57,12,2,108,0,Lunch,30,4.2
1703,Roasted Lentils,American,218,10,40,2,3,24,1,Snack,9,4.1
1704,Mild Fish & Potato Bowl with Broccoli,Indian,409,39,29,15,10,85,0,Lunch,41,4.4
1705,Grilled Beans & Rice Bowl with Mushroom,Mexican,614,47,59,21,11,96,1,Dinner,43,4.5
1706,Mild Tofu & Pasta Bowl with Mixed Veggies,Indian,743,25,133,12,12,65,1,Dinner,39,4.9
1707,Oats with Fruits & Nuts,Mexican,908,23,123,36,9,54,1,Breakfast,21,4.0
1708,Creamy Fish & Pasta Bowl with Mixed Veggies,Mexican,821,30,114,27,5,171,0,Dinner,32,4.6
1709,Fried Pork & Oats Bowl with Mushroom,Asian,925,57,136,17,6,139,0,Dinner,17,4.4
1710,Greek Yogurt with Honey,Mexican,137,19,8,3,4,80,0,Snack,9,4.0
1711,Roasted Beans & Bread Bowl with Mushroom,Mediterranean,515,11,86,14,14,80,1,Lunch,7,4.9
1712,Grilled Egg & Wrap Bowl with Broccoli,Mediterranean,473,59,34,11,10,105,0,Dinner,35,3.7
1713,Roasted Pork with Rice,Indian,698,51,101,10,10,122,0,Breakfast,33,4.7
1714,Rice with Broccoli,Indian,516,17,76,16,9,48,1,Breakfast,6,4.8
1715,Spicy Chicken with Rice,Asian,670,38,77,23,4,107,0,Breakfast,38,4.7
1716,Mild Chicken with Wrap,American,350,43,31,6,3,132,0,Breakfast,34,4.4
1717,Fried Beans & Pasta Bowl with Broccoli,Mexican,820,39,96,31,11,139,1,Dinner,33,4.6
1718,Spicy Fish & Pasta Bowl with Mushroom,Indian,481,32,56,14,9,85,0,Lunch,28,4.7
1719,Spicy Paneer & Quinoa Bowl with Spinach,Indian,571,20,89,15,7,94,1,Lunch,6,4.5
1720,Creamy Pork with Rice,American,798,37,117,20,10,145,0,Breakfast,32,4.7
1721,Grilled Egg & Quinoa Bowl with Mixed Veggies,Asian,766,47,128,7,12,91,0,Dinner,34,4.9
1722,Baked Paneer & Bread Bowl with Mushroom,Mexican,586,18,81,21,11,48,1,Lunch,12,4.6
1723,Baked Lentils & Rice Bowl with Mushroom,Indian,376,21,59,6,13,61,1,Dinner,24,4.4
1724,Creamy Lentils & Bread Bowl with Broccoli,Mediterranean,722,17,109,24,12,118,1,Lunch,11,4.1
1725,Greek Yogurt with Honey,Asian,336,26,8,22,0,89,0,Snack,5,4.8
1726,Greek Yogurt with Honey,Indian,303,15,27,15,4,23,1,Snack,7,5.0
1727,Grilled Paneer & Rice Bowl with Spinach,Italian,325,18,49,6,9,78,1,Lunch,6,3.9
1728,Grilled Chicken & Wrap Bowl with Salad,Indian,741,56,66,28,6,105,0,Dinner,10,3.8
1729,Fried Chicken & Rice Bowl with Salad,Mediterranean,716,51,67,27,11,151,0,Lunch,7,3.6
1730,Greek Yogurt with Honey,Italian,177,14,16,6,6,32,1,Snack,5,5.0
1731,Grilled Egg & Pasta Bowl with Mixed Veggies,Mediterranean,604,37,98,7,5,80,0,Lunch,31,4.8
1732,Creamy Tofu & Pasta Bowl with Salad,American,732,34,99,22,8,84,1,Lunch,28,4.9
1733,Roasted Lentils,Asian,236,4,43,5,5,28,1,Snack,8,3.8
1734,Roasted Chickpeas,Asian,361,5,44,18,2,24,1,Snack,5,4.6
1735,Baked Lentils & Bread Bowl with Mushroom,American,559,24,50,29,8,124,1,Dinner,33,4.4
1736,Fried Fish & Oats Bowl with Salad,Asian,1024,26,171,26,12,160,0,Dinner,33,4.2
1737,Grilled Chicken Bites,American,223,26,14,7,4,85,0,Snack,5,4.2
1738,Oats with Fruits & Nuts,Italian,341,23,46,7,13,91,1,Breakfast,26,4.4
1739,Roasted Beans,Asian,189,4,38,2,7,36,1,Snack,4,4.0
1740,Grilled Turkey Bites,Indian,228,31,12,6,2,60,0,Snack,7,3.8
1741,Fried Chickpeas & Pasta Bowl with Broccoli,Indian,964,27,144,31,9,105,1,Dinner,18,3.6
1742,Grilled Chicken Bites,Italian,189,27,13,3,3,73,0,Snack,3,4.9
1743,Baked Tofu & Potato Bowl with Salad,Asian,488,26,80,7,12,101,1,Lunch,32,4.8
1744,Mild Fish & Wrap Bowl with Mushroom,American,624,35,76,20,5,101,0,Dinner,39,4.9
1745,Fried Egg with Bread,Asian,939,43,131,27,4,93,0,Breakfast,5,4.9
1746,Creamy Beans & Rice Bowl with Spinach,Mediterranean,884,24,107,40,8,116,1,Dinner,29,3.7
1747,Roasted Turkey with Bread,Asian,409,27,25,22,10,113,0,Breakfast,17,3.8
1748,Grilled Egg with Rice,Mexican,649,41,96,11,9,83,0,Breakfast,15,4.9
1749,Grilled Fish & Bread Bowl with Mushroom,Italian,441,24,70,7,10,102,0,Lunch,20,4.9
1750,Oats with Fruits & Nuts,Asian,732,24,111,21,6,114,1,Breakfast,24,4.7
1751,Roasted Pork & Quinoa Bowl with Mushroom,Mediterranean,577,30,100,6,10,152,0,Dinner,23,3.9
1752,Greek Yogurt with Honey,Mexican,260,26,32,3,3,87,0,Snack,6,4.4
1753,Greek Yogurt with Honey,Italian,279,7,44,8,4,39,1,Snack,7,4.1
1754,Wrap with Spinach,Mediterranean,657,12,107,20,10,78,1,Breakfast,9,3.5
1755,Baked Chicken & Wrap Bowl with Broccoli,Italian,569,63,59,9,9,122,0,Dinner,11,3.9
1756,Oats with Mushroom,American,325,39,28,6,13,51,1,Breakfast,9,3.8
1757,Roasted Turkey & Oats Bowl with Mixed Veggies,Asian,778,38,102,24,5,170,0,Dinner,12,4.2
1758,Creamy Fish & Rice Bowl with Broccoli,Italian,949,26,150,27,11,156,0,Dinner,32,4.9
1759,Roasted Pork & Pasta Bowl with Mixed Veggies,Italian,667,26,93,21,12,169,0,Dinner,30,4.3
1760,Grilled Turkey Bites,Mediterranean,295,24,18,14,0,74,0,Snack,2,4.0
1761,Spicy Fish & Pasta Bowl with Spinach,Italian,649,28,93,18,8,123,0,Lunch,12,4.1
1762,Grilled Turkey with Oats,American,641,49,93,8,9,89,0,Breakfast,37,4.3
1763,Roasted Paneer,Asian,271,12,37,8,7,20,1,Snack,6,3.9
1764,Fried Pork & Oats Bowl with Broccoli,American,712,52,65,27,2,143,0,Dinner,44,4.5
1765,Creamy Chicken & Bread Bowl with Broccoli,Italian,618,31,80,19,9,113,0,Lunch,6,4.6
1766,Spicy Beans & Bread Bowl with Mushroom,Asian,547,29,78,13,7,67,1,Lunch,18,3.6
1767,Oats with Fruits & Nuts,Mexican,348,24,27,16,13,55,1,Breakfast,30,4.1
1768,Spicy Chicken with Wrap,Mediterranean,630,40,92,11,4,64,0,Breakfast,7,4.0
1769,Spicy Fish & Quinoa Bowl with Mixed Veggies,Asian,426,52,2,23,11,140,0,Lunch,37,5.0
1770,Baked Beef with Wrap,Mediterranean,527,43,59,13,3,107,0,Breakfast,42,3.8
1771,Roasted Beef with Wrap,Indian,356,27,37,11,9,75,0,Breakfast,40,3.7
1772,Wrap with Salad,Indian,625,30,112,6,8,40,1,Breakfast,17,3.8
1773,Fried Chicken with Rice,Asian,698,48,81,20,10,114,0,Breakfast,21,4.3
1774,Mild Paneer & Oats Bowl with Spinach,Mediterranean,370,28,6,26,6,131,1,Dinner,6,4.2
1775,Grilled Pork Bites,Mexican,247,19,29,6,1,56,0,Snack,8,4.7
1776,Grilled Beef Bites,Asian,317,18,16,20,4,56,0,Snack,9,4.5
1777,Grilled Pork Bites,Asian,199,26,12,5,2,69,0,Snack,3,4.4
1778,Pasta with Broccoli,Mexican,593,11,101,16,11,115,1,Breakfast,21,3.6
1779,Potato with Spinach,Mediterranean,836,21,113,33,5,62,1,Breakfast,32,4.1
1780,Wrap with Mixed Veggies,Indian,600,31,92,12,8,51,1,Breakfast,6,4.7
1781,Roasted Paneer & Oats Bowl with Mixed Veggies,Asian,629,18,98,18,15,119,1,Dinner,22,4.1
1782,Grilled Paneer & Potato Bowl with Mushroom,Indian,626,19,101,16,10,95,1,Dinner,12,4.1
1783,Spicy Chickpeas & Oats Bowl with Salad,Mexican,405,30,26,20,13,54,1,Lunch,20,4.6
1784,Greek Yogurt with Honey,American,165,20,5,7,4,60,0,Snack,5,3.9
1785,Mild Egg & Potato Bowl with Mixed Veggies,Indian,401,34,39,12,13,127,0,Dinner,30,4.9
1786,Roasted Lentils,Indian,170,13,18,5,5,46,1,Snack,6,3.7
1787,Greek Yogurt with Honey,Asian,336,7,43,15,5,43,1,Snack,4,4.1
1788,Mild Paneer & Rice Bowl with Mixed Veggies,Italian,619,20,107,12,5,99,1,Lunch,42,4.9
1789,Mild Fish with Pasta,Asian,544,31,55,22,8,99,0,Breakfast,14,4.8
1790,Oats with Fruits & Nuts,Asian,688,31,123,8,14,85,1,Breakfast,40,4.4
1791,Fried Pork & Potato Bowl with Mixed Veggies,Asian,629,34,80,19,12,123,0,Dinner,43,4.2
1792,Greek Yogurt with Honey,Italian,244,28,26,3,4,72,0,Snack,6,3.5
1793,Roasted Pork & Pasta Bowl with Mixed Veggies,Italian,802,36,106,26,5,125,0,Dinner,14,3.6
1794,Grilled Beef Bites,Indian,205,28,18,2,2,63,0,Snack,2,4.3
1795,Fried Paneer & Oats Bowl with Broccoli,Asian,849,16,158,17,9,100,1,Lunch,27,4.6
1796,Baked Turkey & Oats Bowl with Spinach,Indian,707,42,107,12,2,131,0,Dinner,40,4.4
1797,Roasted Lentils,Mexican,297,14,17,19,7,45,1,Snack,6,3.6
1798,Fried Beans & Rice Bowl with Broccoli,American,1036,29,162,30,17,110,1,Dinner,17,3.6
1799,Spicy Beef & Bread Bowl with Mixed Veggies,Indian,631,38,88,14,4,152,0,Lunch,40,4.6
1800,Spicy Chickpeas & Quinoa Bowl with Broccoli,Italian,376,27,44,10,7,91,1,Lunch,10,3.7
1801,Baked Egg & Pasta Bowl with Broccoli,Mexican,414,46,26,14,5,109,0,Dinner,10,4.9
1802,Baked Chickpeas & Oats Bowl with Broccoli,American,559,20,99,9,11,46,1,Lunch,44,4.0
1803,Wrap with Broccoli,Indian,322,20,13,21,8,67,1,Breakfast,5,4.2
1804,Spicy Beef & Pasta Bowl with Broccoli,Indian,515,51,12,29,7,130,0,Dinner,9,4.6
1805,Mild Lentils & Potato Bowl with Mushroom,Asian,451,27,67,8,7,80,1,Lunch,27,4.8
1806,Mild Beans & Quinoa Bowl with Mushroom,Asian,385,15,38,19,12,95,1,Lunch,14,4.3
1807,Mild Egg & Quinoa Bowl with Mushroom,Indian,604,41,76,15,4,130,0,Lunch,41,4.9
1808,Spicy Beans & Oats Bowl with Mushroom,Indian,622,32,76,21,14,83,1,Lunch,8,4.7
1809,Fried Turkey & Bread Bowl with Broccoli,Indian,525,39,54,17,3,103,0,Lunch,13,4.0
1810,Fried Beef & Quinoa Bowl with Salad,Italian,610,21,95,16,8,134,0,Lunch,29,4.7
1811,Spicy Beef with Oats,Indian,513,25,60,19,10,131,0,Breakfast,35,4.8
1812,Mild Fish with Pasta,Mediterranean,415,28,30,20,9,96,0,Breakfast,16,4.4
1813,Creamy Lentils & Oats Bowl with Spinach,American,1032,23,183,23,8,100,1,Dinner,17,4.7
1814,Creamy Chicken & Bread Bowl with Mixed Veggies,American,878,30,113,34,3,112,0,Lunch,24,3.9
1815,Mild Paneer & Rice Bowl with Mixed Veggies,Mediterranean,318,18,41,9,8,90,1,Lunch,7,5.0
1816,Oats with Fruits & Nuts,Indian,751,27,82,35,7,49,1,Breakfast,19,4.7
1817,Spicy Fish & Wrap Bowl with Salad,Mexican,519,27,84,8,5,104,0,Dinner,20,4.2
1818,Grilled Chicken & Potato Bowl with Salad,Asian,684,47,97,12,10,100,0,Lunch,31,3.6
1819,Pasta with Mixed Veggies,Italian,430,33,43,14,13,89,1,Breakfast,30,4.8
1820,Roasted Tofu,Mexican,218,8,42,2,7,45,1,Snack,5,4.7
1821,Spicy Chicken & Pasta Bowl with Broccoli,Indian,597,30,101,8,9,145,0,Lunch,16,3.8
1822,Mild Egg with Oats,Indian,633,53,82,10,3,68,0,Breakfast,28,4.5
1823,Baked Fish & Rice Bowl with Broccoli,Mediterranean,699,50,59,29,3,115,0,Dinner,8,4.5
1824,Greek Yogurt with Honey,Mexican,254,15,44,2,7,41,1,Snack,8,3.8
1825,Roasted Lentils,American,263,12,47,3,5,17,1,Snack,3,3.8
1826,Roasted Beans,Italian,144,14,15,3,3,31,1,Snack,3,4.6
1827,Baked Tofu & Pasta Bowl with Mushroom,American,595,23,83,19,12,113,1,Lunch,15,4.1
1828,Pasta with Mushroom,Mediterranean,584,27,78,18,12,111,1,Breakfast,29,4.0
1829,Wrap with Mushroom,Indian,865,27,106,37,5,78,1,Breakfast,42,4.4
1830,Roasted Fish & Bread Bowl with Mushroom,American,431,48,12,21,8,117,0,Lunch,41,4.2
1831,Baked Beef & Pasta Bowl with Broccoli,Italian,495,50,46,12,8,138,0,Lunch,17,4.1
1832,Grilled Beef & Quinoa Bowl with Broccoli,Mexican,410,41,34,12,13,165,0,Dinner,23,4.2
1833,Roasted Chickpeas,American,155,9,11,8,6,28,1,Snack,6,3.9
1834,Grilled Beans & Wrap Bowl with Salad,American,423,17,48,18,12,107,1,Lunch,13,4.5
1835,Grilled Fish & Oats Bowl with Spinach,Italian,599,49,87,6,7,148,0,Dinner,16,4.1
1836,Mild Egg & Oats Bowl with Mixed Veggies,Asian,548,41,80,7,2,92,0,Lunch,40,4.4
1837,Baked Beef & Rice Bowl with Mixed Veggies,Mexican,538,38,49,21,4,93,0,Dinner,34,4.6
1838,Spicy Chicken with Pasta,Asian,511,55,34,17,9,87,0,Breakfast,26,4.4
1839,Spicy Turkey & Bread Bowl with Salad,Asian,497,44,30,22,12,131,0,Dinner,39,3.8
1840,Grilled Egg with Oats,American,394,35,43,9,3,122,0,Breakfast,25,3.9
1841,Grilled Beans & Quinoa Bowl with Mixed Veggies,Asian,494,32,48,19,7,92,1,Lunch,26,4.3
1842,Greek Yogurt with Honey,Mexican,262,19,39,3,2,61,0,Snack,7,3.7
1843,Creamy Beans & Rice Bowl with Mixed Veggies,Italian,1117,21,179,35,16,78,1,Dinner,37,3.8
1844,Roasted Egg & Rice Bowl with Salad,Italian,716,59,106,6,11,84,0,Dinner,9,4.4
1845,Fried Egg & Quinoa Bowl with Mixed Veggies,Indian,781,26,90,35,8,134,0,Lunch,42,4.8
1846,Greek Yogurt with Honey,Asian,160,4,24,5,6,44,1,Snack,6,3.8
1847,Creamy Turkey & Wrap Bowl with Broccoli,Mediterranean,741,43,68,33,10,79,0,Lunch,19,3.9
1848,Greek Yogurt with Honey,American,139,11,3,9,3,22,1,Snack,5,4.7
1849,Creamy Turkey & Potato Bowl with Salad,American,646,48,32,36,6,114,0,Lunch,38,3.7
1850,Roasted Tofu,Mexican,430,7,55,20,7,44,1,Snack,4,4.6
1851,Fried Tofu & Potato Bowl with Mushroom,Italian,538,38,40,25,12,105,1,Lunch,40,3.5
1852,Oats with Fruits & Nuts,Mediterranean,541,35,50,22,8,101,1,Breakfast,18,4.8
1853,Grilled Tofu & Rice Bowl with Mushroom,Indian,301,31,33,5,12,70,1,Lunch,8,4.0
1854,Roasted Egg with Quinoa,Asian,457,50,48,7,5,83,0,Breakfast,13,4.8
1855,Fried Egg with Bread,Asian,516,42,48,17,4,88,0,Breakfast,43,4.9
1856,Roasted Beans,Mediterranean,131,5,16,5,3,21,1,Snack,6,4.4
1857,Mild Chicken with Bread,American,503,49,34,19,2,104,0,Breakfast,20,3.6
1858,Quinoa with Broccoli,Asian,373,22,26,20,9,66,1,Breakfast,19,4.7
1859,Roasted Chicken & Wrap Bowl with Mixed Veggies,Mexican,446,45,12,24,8,84,0,Lunch,27,4.3
1860,Roasted Turkey & Bread Bowl with Salad,Indian,573,35,56,23,11,141,0,Lunch,43,3.7
1861,Mild Lentils & Bread Bowl with Mixed Veggies,American,573,31,83,13,12,97,1,Dinner,31,3.7
1862,Mild Egg with Rice,Mexican,311,42,13,10,11,149,0,Breakfast,41,4.2
1863,Greek Yogurt with Honey,American,446,17,47,21,4,44,0,Snack,6,4.9
1864,Creamy Fish & Bread Bowl with Mushroom,Mexican,869,40,105,32,5,154,0,Lunch,43,4.7
1865,Grilled Egg Bites,Mediterranean,367,29,33,13,2,62,0,Snack,5,4.1
1866,Oats with Fruits & Nuts,Asian,957,11,156,32,11,54,1,Breakfast,10,4.9
1867,Spicy Beef with Potato,Mediterranean,616,42,58,24,8,87,0,Breakfast,44,4.4
1868,Grilled Pork Bites,Indian,267,21,12,15,2,92,0,Snack,7,4.0
1869,Roasted Lentils & Wrap Bowl with Mixed Veggies,American,591,27,89,14,12,111,1,Lunch,24,4.7
1870,Spicy Tofu & Wrap Bowl with Mushroom,Asian,382,17,51,12,5,79,1,Dinner,24,4.3
1871,Creamy Beans & Bread Bowl with Spinach,Asian,780,13,98,37,11,139,1,Dinner,6,3.8
1872,Creamy Lentils & Oats Bowl with Mixed Veggies,Indian,947,45,106,38,11,97,1,Dinner,21,3.5
1873,Spicy Egg & Potato Bowl with Mixed Veggies,Indian,471,53,28,16,7,83,0,Dinner,5,3.7
1874,Oats with Fruits & Nuts,Indian,690,10,108,24,5,118,1,Breakfast,9,5.0
1875,Greek Yogurt with Honey,Mediterranean,172,4,30,4,5,22,1,Snack,8,3.6
1876,Creamy Paneer & Bread Bowl with Broccoli,American,691,17,101,24,9,133,1,Dinner,35,5.0
1877,Spicy Beef & Quinoa Bowl with Broccoli,Mediterranean,490,26,80,7,10,117,0,Dinner,30,4.8
1878,Baked Fish with Bread,American,512,41,60,12,2,108,0,Breakfast,39,4.7
1879,Oats with Fruits & Nuts,Indian,653,23,108,14,13,87,1,Breakfast,28,4.0
1880,Spicy Beef with Pasta,Mexican,496,52,58,6,5,93,0,Breakfast,11,5.0
1881,Roasted Pork & Oats Bowl with Spinach,Indian,518,29,71,13,5,150,0,Lunch,21,4.6
1882,Spicy Chicken & Pasta Bowl with Mushroom,Mediterranean,655,44,106,6,7,103,0,Lunch,24,4.5
1883,Roasted Beans,Indian,198,8,21,9,4,33,1,Snack,9,4.1
1884,Creamy Turkey & Potato Bowl with Mushroom,Asian,934,55,106,32,13,83,0,Dinner,35,4.7
1885,Bread with Spinach,Mediterranean,605,13,111,12,14,116,1,Breakfast,28,3.8
1886,Fried Lentils & Quinoa Bowl with Salad,Indian,819,36,103,29,8,89,1,Lunch,24,4.3
1887,Bread with Mixed Veggies,Indian,647,27,58,34,10,98,1,Breakfast,29,3.8
1888,Mild Pork with Quinoa,Indian,669,27,95,20,9,108,0,Breakfast,9,4.8
1889,Fried Paneer & Oats Bowl with Salad,Italian,659,25,81,26,7,105,1,Lunch,35,3.9
1890,Mild Tofu & Wrap Bowl with Salad,Indian,649,17,116,13,7,143,1,Dinner,33,3.9
1891,Spicy Paneer & Bread Bowl with Broccoli,Indian,471,40,37,18,11,49,1,Dinner,42,4.5
1892,Roasted Beans & Potato Bowl with Mushroom,American,786,46,105,20,14,87,1,Dinner,19,4.7
1893,Creamy Beef & Oats Bowl with Broccoli,Italian,730,51,43,39,14,109,0,Dinner,21,4.0
1894,Roasted Lentils & Oats Bowl with Broccoli,American,587,14,108,11,9,53,1,Lunch,28,4.0
1895,Baked Chicken & Pasta Bowl with Salad,Indian,496,49,23,23,3,107,0,Dinner,27,4.7
1896,Mild Pork & Quinoa Bowl with Spinach,Italian,586,31,95,9,7,120,0,Lunch,30,5.0
1897,Roasted Egg & Bread Bowl with Spinach,Mediterranean,300,38,23,6,3,103,0,Lunch,15,3.5
1898,Creamy Beans & Bread Bowl with Mixed Veggies,Asian,914,19,142,30,7,143,1,Dinner,13,4.0
1899,Grilled Pork & Oats Bowl with Spinach,Italian,399,53,4,19,5,109,0,Dinner,7,4.9
1900,Spicy Pork & Wrap Bowl with Mixed Veggies,American,624,26,112,8,5,89,0,Lunch,7,3.8
1901,Roasted Egg & Pasta Bowl with Broccoli,Italian,592,29,78,18,10,148,0,Lunch,17,3.5
1902,Oats with Fruits & Nuts,Mediterranean,493,29,69,11,6,114,1,Breakfast,39,4.6
1903,Roasted Fish & Bread Bowl with Mixed Veggies,Mexican,346,22,51,6,8,104,0,Lunch,40,3.6
1904,Fried Beef & Potato Bowl with Spinach,Italian,745,48,77,27,5,157,0,Lunch,35,4.4
1905,Roasted Tofu,American,394,7,57,15,7,38,1,Snack,6,4.6
1906,Spicy Pork & Pasta Bowl with Mushroom,Mexican,496,53,12,26,13,138,0,Dinner,9,4.5
1907,Fried Lentils & Bread Bowl with Mixed Veggies,Italian,1164,30,171,40,8,111,1,Dinner,36,4.1
1908,Creamy Chicken & Oats Bowl with Mixed Veggies,Asian,823,43,86,34,4,123,0,Lunch,9,4.2
1909,Roasted Beans,American,166,9,16,7,3,46,1,Snack,3,4.9
1910,Mild Pork & Rice Bowl with Salad,Mediterranean,772,49,81,28,3,160,0,Dinner,22,4.6
1911,Oats with Fruits & Nuts,Mexican,585,17,100,13,7,61,1,Breakfast,28,4.4
1912,Roasted Paneer & Potato Bowl with Spinach,Mediterranean,644,25,109,12,7,45,1,Lunch,32,4.5
1913,Roasted Chicken with Pasta,Asian,434,33,23,23,4,126,0,Breakfast,31,4.5
1914,Pasta with Mixed Veggies,Mediterranean,747,13,135,17,11,105,1,Breakfast,5,4.7
1915,Grilled Chicken Bites,American,182,24,12,4,3,46,0,Snack,3,4.2
1916,Mild Chicken & Pasta Bowl with Mixed Veggies,Indian,348,38,28,9,9,154,0,Lunch,31,4.3
1917,Spicy Fish with Bread,American,600,28,72,22,7,119,0,Breakfast,39,3.9
1918,Greek Yogurt with Honey,American,235,26,12,9,4,81,0,Snack,2,4.7
1919,Fried Turkey with Rice,Mediterranean,920,46,116,30,2,159,0,Breakfast,21,4.4
1920,Roasted Lentils & Pasta Bowl with Broccoli,American,400,37,31,14,11,111,1,Lunch,28,4.3
1921,Spicy Turkey & Pasta Bowl with Salad,Mediterranean,818,34,154,7,13,140,0,Dinner,42,4.2
1922,Roasted Paneer,Italian,315,14,28,16,6,34,1,Snack,8,3.7
1923,Greek Yogurt with Honey,Indian,207,4,36,5,6,38,1,Snack,4,3.6
1924,Baked Pork & Potato Bowl with Salad,Asian,518,52,61,7,8,116,0,Lunch,36,4.1
1925,Greek Yogurt with Honey,Mediterranean,292,23,7,19,4,64,0,Snack,9,4.2
1926,Oats with Fruits & Nuts,Indian,786,39,114,19,6,60,1,Breakfast,21,4.8
1927,Oats with Fruits & Nuts,American,465,37,56,10,6,53,1,Breakfast,31,4.1
1928,Creamy Chickpeas & Wrap Bowl with Broccoli,Asian,905,28,121,34,9,127,1,Dinner,20,4.1
1929,Grilled Lentils & Pasta Bowl with Salad,Asian,786,21,119,25,7,127,1,Dinner,5,4.8
1930,Oats with Fruits & Nuts,Italian,314,10,37,14,10,106,1,Breakfast,36,3.9
1931,Roasted Tofu & Bread Bowl with Mushroom,Mexican,449,36,51,11,6,95,1,Dinner,31,3.5
1932,Pasta with Salad,Asian,605,20,111,9,12,78,1,Breakfast,13,4.0
1933,Creamy Egg with Rice,Italian,561,48,51,18,4,80,0,Breakfast,12,3.8
1934,Mild Beef & Quinoa Bowl with Spinach,Italian,644,25,102,15,5,135,0,Lunch,36,3.9
1935,Greek Yogurt with Honey,Italian,133,13,6,6,4,25,1,Snack,6,3.9
1936,Grilled Pork & Oats Bowl with Mixed Veggies,Asian,660,47,88,13,10,157,0,Lunch,27,4.1
1937,Grilled Fish Bites,Indian,210,22,12,8,1,86,0,Snack,3,4.6
1938,Oats with Fruits & Nuts,Mexican,501,25,55,20,6,75,1,Breakfast,10,4.8
1939,Spicy Chickpeas & Pasta Bowl with Spinach,Mexican,626,16,109,14,8,115,1,Dinner,28,4.5
1940,Mild Chicken & Potato Bowl with Mixed Veggies,Asian,773,54,121,8,14,141,0,Dinner,8,3.7
1941,Roasted Tofu & Oats Bowl with Spinach,Asian,639,40,79,18,17,80,1,Dinner,27,4.7
1942,Roasted Chickpeas,American,323,4,31,20,6,27,1,Snack,9,4.2
1943,Baked Beans & Bread Bowl with Salad,Mediterranean,314,15,18,20,15,48,1,Lunch,8,4.8
1944,Greek Yogurt with Honey,Mediterranean,155,4,30,2,7,27,1,Snack,5,4.5
1945,Grilled Chicken Bites,Mexican,328,25,16,18,3,80,0,Snack,3,4.4
1946,Spicy Pork with Quinoa,American,377,23,44,12,9,105,0,Breakfast,24,4.0
1947,Fried Beans & Rice Bowl with Mushroom,Asian,622,22,93,18,9,68,1,Dinner,21,4.2
1948,Greek Yogurt with Honey,Mediterranean,204,25,5,9,4,88,0,Snack,4,3.9
1949,Creamy Beef & Pasta Bowl with Salad,American,799,36,100,28,11,98,0,Lunch,8,3.7
1950,Baked Lentils & Bread Bowl with Mixed Veggies,American,556,38,74,12,9,90,1,Dinner,31,4.9
1951,Grilled Beef & Oats Bowl with Broccoli,American,520,46,32,23,3,113,0,Lunch,35,4.1
1952,Spicy Fish & Potato Bowl with Salad,Italian,354,46,2,18,2,96,0,Lunch,15,4.3
1953,Wrap with Salad,Asian,399,23,61,7,5,69,1,Breakfast,7,3.6
1954,Creamy Pork & Bread Bowl with Mixed Veggies,Mediterranean,810,38,126,17,7,96,0,Lunch,19,3.6
1955,Quinoa with Mixed Veggies,American,532,11,95,12,6,97,1,Breakfast,34,4.3
1956,Fried Lentils & Potato Bowl with Mushroom,Italian,845,45,101,29,12,119,1,Dinner,38,4.6
1957,Fried Chickpeas & Wrap Bowl with Broccoli,Indian,920,28,139,28,14,100,1,Lunch,6,4.3
1958,Spicy Lentils & Bread Bowl with Broccoli,Mediterranean,441,10,86,6,9,112,1,Lunch,26,4.3
1959,Creamy Beans & Pasta Bowl with Spinach,Mexican,860,35,126,24,9,72,1,Lunch,43,4.8
1960,Roasted Lentils & Bread Bowl with Salad,Mexican,574,14,73,25,8,63,1,Dinner,16,3.8
1961,Grilled Pork Bites,Indian,198,27,11,5,3,75,0,Snack,2,3.8
1962,Grilled Fish Bites,Italian,352,24,30,15,1,72,0,Snack,9,3.5
1963,Baked Chickpeas & Potato Bowl with Mushroom,Mediterranean,669,41,70,25,6,53,1,Dinner,8,3.9
1964,Creamy Lentils & Bread Bowl with Spinach,Mediterranean,940,39,112,37,8,56,1,Lunch,33,3.7
1965,Mild Turkey & Quinoa Bowl with Broccoli,Italian,371,27,34,14,3,162,0,Lunch,39,4.4
1966,Baked Egg & Wrap Bowl with Spinach,Mexican,317,41,2,16,9,110,0,Lunch,40,4.1
1967,Oats with Fruits & Nuts,Mexican,617,32,84,17,5,102,1,Breakfast,21,4.1
1968,Spicy Lentils & Wrap Bowl with Mixed Veggies,Mediterranean,362,28,8,24,15,68,1,Dinner,5,3.6
1969,Potato with Mixed Veggies,American,490,18,68,16,10,53,1,Breakfast,25,3.6
1970,Grilled Egg & Oats Bowl with Spinach,Mediterranean,343,29,20,16,11,122,0,Lunch,38,4.3
1971,Spicy Tofu & Bread Bowl with Spinach,American,677,15,107,21,7,59,1,Dinner,10,4.1
1972,Fried Lentils & Bread Bowl with Spinach,Mediterranean,781,39,104,23,10,90,1,Lunch,44,4.9
1973,Baked Fish & Rice Bowl with Mixed Veggies,Asian,497,29,43,23,11,98,0,Lunch,14,4.6
1974,Mild Lentils & Wrap Bowl with Spinach,American,750,34,88,29,15,131,1,Dinner,26,4.9
1975,Roasted Tofu,Asian,196,13,27,4,5,34,1,Snack,4,4.1
1976,Grilled Egg Bites,Mediterranean,383,22,42,14,0,65,0,Snack,5,4.4
1977,Creamy Turkey & Potato Bowl with Mixed Veggies,Indian,815,54,82,30,6,148,0,Lunch,15,4.9
1978,Spicy Fish & Wrap Bowl with Broccoli,Asian,331,22,45,7,8,101,0,Lunch,19,4.5
1979,Spicy Turkey & Rice Bowl with Broccoli,Mexican,429,31,26,22,10,80,0,Lunch,40,4.5
1980,Greek Yogurt with Honey,Asian,273,9,50,4,4,31,1,Snack,4,3.6
1981,Roasted Paneer,Mexican,246,15,33,6,4,22,1,Snack,3,4.6
1982,Baked Beef with Oats,Asian,603,42,59,22,7,138,0,Breakfast,12,4.7
1983,Bread with Mixed Veggies,Italian,387,33,25,17,11,64,1,Breakfast,35,3.6
1984,Oats with Spinach,Italian,341,34,22,13,7,51,1,Breakfast,23,3.6
1985,Roasted Beans,Mexican,219,14,29,5,8,21,1,Snack,8,4.8
1986,Grilled Turkey Bites,Indian,197,21,8,9,2,56,0,Snack,7,4.2
1987,Mild Turkey & Potato Bowl with Broccoli,Indian,487,38,41,19,5,118,0,Dinner,14,4.7
1988,Creamy Beef & Quinoa Bowl with Mushroom,Mediterranean,679,42,91,16,2,76,0,Dinner,9,4.7
1989,Roasted Tofu,Asian,430,7,48,23,4,18,1,Snack,8,3.8
1990,Spicy Chicken & Bread Bowl with Spinach,Asian,515,57,20,23,3,93,0,Lunch,25,4.0
1991,Spicy Fish & Pasta Bowl with Salad,Asian,619,50,46,26,7,154,0,Dinner,37,3.8
1992,Spicy Chicken & Wrap Bowl with Mushroom,Asian,456,37,56,9,3,147,0,Lunch,27,4.5
1993,Grilled Fish Bites,Italian,279,24,36,4,0,64,0,Snack,5,3.9
1994,Grilled Pork Bites,Indian,222,25,12,8,2,73,0,Snack,9,5.0
1995,Grilled Egg Bites,Mediterranean,209,24,12,7,3,91,0,Snack,8,4.5
1996,Oats with Fruits & Nuts,Mexican,606,24,80,21,11,118,1,Breakfast,29,4.7
1997,Pasta with Mixed Veggies,Mexican,416,30,29,20,9,70,1,Breakfast,17,4.0
1998,Baked Egg & Wrap Bowl with Salad,Asian,694,37,91,20,9,112,0,Dinner,35,4.0
1999,Potato with Salad,Asian,448,25,71,7,7,61,1,Breakfast,7,3.6
2000,Roasted Tofu,American,156,13,8,8,5,38,1,Snack,6,4.4
2001,Oats with Fruits & Nuts,Indian,453,31,37,20,6,86,1,Breakfast,34,3.7
2002,Bread with Mixed Veggies,Indian,340,11,60,6,10,50,1,Breakfast,5,4.1
2003,Mild Turkey & Quinoa Bowl with Mushroom,American,603,26,86,17,5,122,0,Lunch,42,4.3
2004,Roasted Chicken with Wrap,American,437,47,8,24,5,116,0,Breakfast,11,4.6
2005,Mild Egg & Quinoa Bowl with Mushroom,Asian,464,58,28,13,7,100,0,Lunch,9,4.9
2006,Baked Chickpeas & Potato Bowl with Spinach,Mexican,615,20,106,12,8,46,1,Lunch,24,5.0
2007,Greek Yogurt with Honey,Indian,426,20,41,20,2,79,0,Snack,7,4.9
2008,Spicy Tofu & Oats Bowl with Spinach,Mexican,360,11,58,9,13,101,1,Lunch,41,3.6
2009,Oats with Fruits & Nuts,American,880,31,117,32,12,108,1,Breakfast,9,4.8
2010,Grilled Lentils & Rice Bowl with Salad,American,398,32,2,29,7,61,1,Dinner,38,4.9
2011,Oats with Fruits & Nuts,Indian,667,21,123,10,10,44,1,Breakfast,30,4.3
2012,Baked Tofu & Quinoa Bowl with Spinach,Italian,392,37,11,22,7,119,1,Lunch,29,4.0
2013,Fried Egg & Pasta Bowl with Spinach,Mexican,817,49,76,35,5,120,0,Lunch,16,4.9
2014,Fried Chickpeas & Potato Bowl with Mixed Veggies,Mediterranean,723,15,116,22,9,100,1,Dinner,26,3.6
2015,Greek Yogurt with Honey,Asian,356,11,51,12,8,38,1,Snack,4,4.5
2016,Greek Yogurt with Honey,Asian,378,27,36,14,3,77,0,Snack,5,4.3
2017,Roasted Tofu & Pasta Bowl with Mixed Veggies,Mexican,302,14,45,7,5,119,1,Lunch,23,4.0
2018,Baked Turkey with Potato,Indian,577,34,65,20,11,122,0,Breakfast,38,4.0
2019,Roasted Turkey & Potato Bowl with Spinach,Indian,542,32,65,17,6,149,0,Dinner,31,3.7
2020,Creamy Beef & Rice Bowl with Mushroom,Italian,833,28,106,33,6,161,0,Lunch,32,4.5
2021,Grilled Chicken Bites,Indian,404,25,35,18,1,67,0,Snack,9,3.8
2022,Mild Chickpeas & Rice Bowl with Salad,Indian,733,16,115,23,12,61,1,Dinner,12,4.2
2023,Creamy Lentils & Oats Bowl with Mixed Veggies,American,919,28,132,31,5,125,1,Dinner,44,3.9
2024,Mild Fish & Quinoa Bowl with Broccoli,Indian,716,34,79,29,3,113,0,Dinner,29,4.0
2025,Mild Fish & Bread Bowl with Broccoli,Asian,475,41,12,29,4,111,0,Dinner,39,4.0
2026,Roasted Tofu,Asian,397,12,55,14,6,26,1,Snack,4,3.8
2027,Roasted Lentils,Mexican,238,14,25,9,4,20,1,Snack,3,4.7
2028,Oats with Fruits & Nuts,Asian,337,35,2,21,15,76,1,Breakfast,8,4.0
2029,Mild Beef & Rice Bowl with Mixed Veggies,Indian,525,43,45,19,3,97,0,Lunch,36,3.7
2030,Mild Lentils & Potato Bowl with Spinach,Indian,529,47,44,18,17,79,1,Dinner,33,4.0
2031,Grilled Chicken & Rice Bowl with Salad,American,673,49,69,22,14,150,0,Dinner,10,4.1
2032,Potato with Spinach,Indian,651,16,101,20,8,63,1,Breakfast,41,4.7
2033,Greek Yogurt with Honey,Asian,295,23,10,18,2,51,0,Snack,9,3.6
2034,Spicy Turkey & Oats Bowl with Mixed Veggies,American,518,28,61,18,10,104,0,Lunch,23,4.2
2035,Grilled Chicken Bites,Italian,185,30,2,6,4,75,0,Snack,9,4.2
2036,Mild Paneer & Pasta Bowl with Mixed Veggies,Asian,386,13,36,21,9,110,1,Lunch,13,4.6
2037,Grilled Tofu & Wrap Bowl with Salad,Italian,494,18,49,25,8,94,1,Dinner,36,3.6
2038,Grilled Beef Bites,Mediterranean,236,25,20,6,1,75,0,Snack,6,3.7
2039,Creamy Turkey & Pasta Bowl with Broccoli,Indian,855,44,82,39,13,115,0,Dinner,35,3.6
2040,Mild Beef with Oats,Mediterranean,436,48,29,14,7,76,0,Breakfast,33,3.6
2041,Pasta with Salad,American,814,26,128,22,15,52,1,Breakfast,29,5.0
2042,Creamy Fish & Oats Bowl with Mushroom,Indian,739,45,54,38,5,74,0,Dinner,16,4.8
2043,Spicy Beef & Wrap Bowl with Mushroom,Indian,358,34,10,20,6,130,0,Lunch,17,4.5
2044,Mild Beans & Potato Bowl with Spinach,Asian,543,18,63,24,8,89,1,Lunch,24,4.9
2045,Roasted Tofu & Wrap Bowl with Broccoli,Indian,435,14,63,14,15,109,1,Dinner,41,3.5
2046,Fried Chicken & Oats Bowl with Spinach,Mediterranean,874,41,121,25,11,118,0,Lunch,20,4.2
2047,Roasted Tofu,Mexican,348,12,45,13,6,47,1,Snack,6,4.2
2048,Baked Pork & Wrap Bowl with Broccoli,Mexican,619,46,88,9,10,93,0,Lunch,19,3.8
2049,Grilled Egg Bites,Asian,179,26,0,8,3,53,0,Snack,2,4.7
2050,Spicy Fish & Rice Bowl with Salad,Mediterranean,525,56,61,6,7,134,0,Dinner,33,4.9
2051,Roasted Chickpeas,Mediterranean,324,14,26,18,8,18,1,Snack,2,3.9
2052,Oats with Fruits & Nuts,Indian,616,28,114,5,13,118,1,Breakfast,6,3.5
2053,Roasted Chicken & Quinoa Bowl with Broccoli,Mexican,303,27,12,16,3,116,0,Lunch,24,3.9
2054,Fried Fish & Quinoa Bowl with Spinach,Mexican,722,52,76,23,7,78,0,Lunch,10,4.5
2055,Mild Chickpeas & Quinoa Bowl with Broccoli,Mediterranean,778,29,100,29,14,74,1,Dinner,36,3.7
2056,Roasted Lentils,Asian,199,8,21,9,5,16,1,Snack,4,4.1
2057,Grilled Pork Bites,Asian,188,18,24,2,1,53,0,Snack,3,4.8
2058,Roasted Paneer & Potato Bowl with Mixed Veggies,Mexican,416,28,28,21,14,88,1,Lunch,43,4.7
2059,Grilled Chicken & Quinoa Bowl with Broccoli,Italian,418,40,21,19,10,97,0,Lunch,15,4.1
2060,Quinoa with Mushroom,Italian,408,22,68,5,14,69,1,Breakfast,18,3.5
2061,Roasted Lentils,Italian,434,10,58,18,4,45,1,Snack,3,3.9
2062,Quinoa with Broccoli,American,373,26,31,16,13,42,1,Breakfast,18,4.3
2063,Roasted Paneer,Mediterranean,222,7,41,3,5,23,1,Snack,5,4.5
2064,Spicy Chicken & Rice Bowl with Broccoli,Mexican,590,34,84,13,6,136,0,Lunch,32,3.8
2065,Grilled Beans & Bread Bowl with Mixed Veggies,Indian,642,32,63,29,13,133,1,Dinner,32,4.7
2066,Roasted Egg & Quinoa Bowl with Broccoli,Indian,396,49,29,9,2,133,0,Lunch,8,5.0
2067,Fried Pork with Rice,Mediterranean,1010,37,136,35,6,64,0,Breakfast,24,5.0
2068,Grilled Pork & Pasta Bowl with Mushroom,American,730,39,121,10,13,77,0,Dinner,42,3.9
2069,Mild Turkey with Rice,American,640,45,103,5,4,123,0,Breakfast,32,4.6
2070,Oats with Fruits & Nuts,Mexican,542,18,92,11,15,45,1,Breakfast,21,4.9
2071,Baked Lentils & Bread Bowl with Salad,Italian,461,30,58,12,14,71,1,Lunch,13,4.0
2072,Spicy Chicken & Pasta Bowl with Mushroom,Indian,435,40,53,7,5,97,0,Dinner,28,4.5
2073,Grilled Tofu & Bread Bowl with Spinach,Mexican,453,35,40,17,7,106,1,Dinner,17,4.9
2074,Baked Beef & Wrap Bowl with Broccoli,Asian,662,31,109,11,5,118,0,Lunch,28,3.5
2075,Creamy Chickpeas & Quinoa Bowl with Mixed Veggies,Italian,646,31,72,26,14,137,1,Dinner,18,3.8
2076,Oats with Spinach,Italian,768,35,80,34,10,98,1,Breakfast,23,4.4
2077,Roasted Beans,Mexican,233,10,30,8,6,26,1,Snack,9,4.1
2078,Roasted Tofu & Bread Bowl with Broccoli,Indian,587,22,95,13,9,88,1,Dinner,24,3.8
2079,Mild Fish & Potato Bowl with Mushroom,Mexican,623,50,78,12,2,80,0,Lunch,27,4.5
2080,Baked Beef & Quinoa Bowl with Broccoli,Mexican,418,42,6,25,3,114,0,Dinner,10,4.7
2081,Creamy Egg & Potato Bowl with Mixed Veggies,Mexican,489,40,41,18,7,141,0,Lunch,17,4.6
2082,Grilled Lentils & Wrap Bowl with Mixed Veggies,American,603,15,79,25,16,77,1,Dinner,6,3.8
2083,Grilled Beef Bites,Indian,146,22,7,3,4,91,0,Snack,6,5.0
2084,Oats with Fruits & Nuts,Mediterranean,676,32,85,23,6,63,1,Breakfast,24,3.6
2085,Creamy Egg with Potato,Italian,809,41,111,22,7,80,0,Breakfast,11,4.0
2086,Grilled Tofu & Pasta Bowl with Mixed Veggies,American,544,39,47,22,17,131,1,Dinner,24,4.3
2087,Roasted Beans,Italian,176,12,18,6,3,28,1,Snack,9,4.6
2088,Oats with Spinach,Asian,584,21,104,9,10,95,1,Breakfast,16,4.2
2089,Baked Beef & Wrap Bowl with Broccoli,Asian,670,38,100,13,11,95,0,Dinner,21,4.8
2090,Greek Yogurt with Honey,American,178,22,15,3,4,51,0,Snack,2,4.3
2091,Spicy Fish with Quinoa,Asian,596,29,75,20,4,110,0,Breakfast,29,3.6
2092,Creamy Paneer & Rice Bowl with Spinach,American,847,13,149,22,8,72,1,Dinner,16,4.7
2093,Fried Egg & Pasta Bowl with Mixed Veggies,Mexican,880,61,93,29,12,149,0,Dinner,36,4.3
2094,Greek Yogurt with Honey,American,270,15,36,7,7,37,1,Snack,8,3.8
2095,Rice with Mixed Veggies,Mexican,318,35,10,15,13,67,1,Breakfast,39,4.2
2096,Mild Beef with Rice,Indian,536,29,93,5,2,83,0,Breakfast,24,4.8
2097,Greek Yogurt with Honey,Asian,158,24,6,4,2,68,0,Snack,7,3.6
2098,Baked Turkey & Rice Bowl with Mixed Veggies,Mediterranean,447,61,12,17,9,131,0,Dinner,11,4.5
2099,Greek Yogurt with Honey,Indian,405,8,48,20,6,45,1,Snack,7,4.4
2100,Greek Yogurt with Honey,American,188,8,27,5,5,36,1,Snack,6,4.2
2101,Spicy Chicken with Potato,Italian,515,43,38,21,9,98,0,Breakfast,5,3.8
2102,Grilled Fish & Pasta Bowl with Mixed Veggies,Asian,781,33,103,26,7,141,0,Dinner,16,4.4
2103,Roasted Chickpeas & Rice Bowl with Mixed Veggies,Mexican,523,36,74,9,13,62,1,Lunch,32,3.5
2104,Creamy Beans & Pasta Bowl with Mixed Veggies,Italian,610,11,87,24,4,82,1,Lunch,34,4.8
2105,Spicy Beans & Rice Bowl with Broccoli,Mexican,804,27,124,22,10,81,1,Dinner,37,4.1
2106,Greek Yogurt with Honey,Mexican,236,4,34,9,5,32,1,Snack,7,4.8
2107,Roasted Fish & Rice Bowl with Broccoli,Mediterranean,645,45,100,7,10,175,0,Dinner,37,4.1
2108,Creamy Tofu & Pasta Bowl with Mushroom,Mexican,844,15,126,31,10,115,1,Dinner,33,4.1
2109,Mild Chicken & Oats Bowl with Mixed Veggies,Indian,573,47,73,10,3,144,0,Lunch,9,3.8
2110,Mild Egg & Wrap Bowl with Mixed Veggies,Indian,364,51,19,9,11,130,0,Lunch,9,4.7
2111,Spicy Turkey & Quinoa Bowl with Broccoli,Mediterranean,506,44,44,17,6,110,0,Dinner,15,3.8
2112,Oats with Fruits & Nuts,Indian,311,33,31,6,13,41,1,Breakfast,36,4.3
2113,Spicy Turkey & Bread Bowl with Broccoli,Mexican,381,30,33,14,9,119,0,Lunch,18,4.9
2114,Spicy Beans & Potato Bowl with Spinach,Asian,524,35,80,7,14,115,1,Dinner,30,3.7
2115,Grilled Beef & Potato Bowl with Broccoli,Asian,590,38,96,6,3,100,0,Lunch,26,4.7
2116,Mild Pork with Oats,Mexican,502,44,43,17,3,125,0,Breakfast,13,3.7
2117,Oats with Fruits & Nuts,Mediterranean,520,33,52,20,13,105,1,Breakfast,20,4.2
2118,Spicy Tofu & Rice Bowl with Salad,Mexican,395,10,57,14,7,70,1,Lunch,17,4.5
2119,Fried Paneer & Oats Bowl with Salad,Italian,801,40,90,31,17,74,1,Dinner,44,4.2
2120,Baked Egg & Wrap Bowl with Mushroom,Italian,382,32,27,16,10,107,0,Lunch,20,4.1
2121,Oats with Fruits & Nuts,Indian,510,24,78,11,11,54,1,Breakfast,38,4.2
2122,Greek Yogurt with Honey,Italian,145,26,5,2,3,86,0,Snack,9,4.6
2123,Fried Tofu & Wrap Bowl with Broccoli,Italian,883,26,116,35,14,106,1,Lunch,29,4.2
2124,Roasted Lentils,Asian,250,7,39,7,5,20,1,Snack,3,4.6
2125,Fried Beef with Pasta,Mexican,687,47,91,15,4,130,0,Breakfast,44,4.3
2126,Spicy Beans & Quinoa Bowl with Mixed Veggies,American,429,25,32,22,9,107,1,Lunch,9,4.4
2127,Grilled Beef Bites,Asian,135,21,8,2,4,77,0,Snack,2,4.2
2128,Baked Lentils & Wrap Bowl with Mixed Veggies,Asian,773,20,121,23,10,122,1,Dinner,14,4.9
2129,Oats with Fruits & Nuts,American,673,11,119,17,11,82,1,Breakfast,29,4.2
2130,Creamy Paneer & Potato Bowl with Mixed Veggies,Mexican,606,27,72,23,7,128,1,Dinner,24,4.7
2131,Spicy Tofu & Bread Bowl with Mushroom,Indian,581,28,76,18,6,97,1,Lunch,10,4.9
2132,Creamy Chickpeas & Oats Bowl with Mixed Veggies,Italian,555,11,78,22,10,88,1,Lunch,40,4.0
2133,Roasted Paneer & Rice Bowl with Mixed Veggies,Mexican,501,24,81,9,5,123,1,Dinner,17,4.7
2134,Greek Yogurt with Honey,Mexican,138,10,6,8,6,28,1,Snack,5,4.0
2135,Spicy Fish with Wrap,Asian,555,49,62,12,3,80,0,Breakfast,39,3.6
2136,Roasted Chickpeas,Mexican,305,11,22,19,4,33,1,Snack,9,3.9
2137,Mild Fish & Bread Bowl with Broccoli,Mexican,589,50,77,9,11,139,0,Lunch,22,3.8
2138,Oats with Fruits & Nuts,Asian,535,28,74,14,6,78,1,Breakfast,12,3.8
2139,Fried Chickpeas & Bread Bowl with Salad,Italian,857,16,144,24,15,75,1,Dinner,16,4.3
2140,Grilled Beef Bites,Italian,243,20,22,8,2,62,0,Snack,8,4.4
2141,Creamy Beef with Wrap,Asian,854,50,123,18,4,131,0,Breakfast,15,3.5
2142,Roasted Lentils,Mexican,378,10,50,15,3,32,1,Snack,7,4.1
2143,Creamy Lentils & Potato Bowl with Broccoli,Italian,950,38,125,33,6,111,1,Dinner,39,3.7
2144,Creamy Fish & Wrap Bowl with Broccoli,Mexican,584,44,54,21,7,83,0,Dinner,30,4.7
2145,Grilled Egg Bites,American,460,25,40,22,2,60,0,Snack,2,4.9
2146,Creamy Beans & Pasta Bowl with Mixed Veggies,Italian,932,40,136,25,11,125,1,Dinner,27,4.7
2147,Spicy Pork & Potato Bowl with Broccoli,Mexican,618,26,72,25,10,97,0,Dinner,34,3.9
2148,Creamy Chicken & Potato Bowl with Salad,Indian,893,51,131,18,8,117,0,Dinner,31,4.5
2149,Creamy Egg with Pasta,Mexican,839,27,119,28,5,64,0,Breakfast,38,3.8
2150,Oats with Fruits & Nuts,Mexican,933,19,151,28,11,45,1,Breakfast,36,3.6
2151,Roasted Beans,Indian,156,6,12,9,3,47,1,Snack,5,4.6
2152,Creamy Paneer & Rice Bowl with Broccoli,Indian,469,11,65,18,4,66,1,Lunch,44,4.8
2153,Oats with Fruits & Nuts,Mediterranean,752,37,103,21,6,101,1,Breakfast,36,4.7
2154,Baked Beans & Oats Bowl with Mixed Veggies,Mediterranean,471,29,77,5,11,73,1,Lunch,32,4.7
2155,Baked Turkey & Potato Bowl with Broccoli,Indian,585,23,103,9,10,159,0,Lunch,35,4.6
2156,Greek Yogurt with Honey,Asian,220,13,28,6,5,21,1,Snack,6,4.5
2157,Oats with Fruits & Nuts,Asian,528,13,89,13,12,44,1,Breakfast,25,4.3
2158,Creamy Egg & Pasta Bowl with Mushroom,Asian,631,49,68,18,5,153,0,Dinner,41,4.4
2159,Greek Yogurt with Honey,Indian,223,23,12,9,0,88,0,Snack,2,4.5
2160,Roasted Chickpeas,Asian,199,12,31,3,5,29,1,Snack,9,3.9
2161,Bread with Spinach,Italian,685,37,82,23,11,109,1,Breakfast,41,4.3
2162,Grilled Egg Bites,Asian,205,26,18,3,1,71,0,Snack,5,3.6
2163,Creamy Chicken & Oats Bowl with Mixed Veggies,Mediterranean,1032,47,154,25,8,169,0,Dinner,40,4.8
2164,Roasted Chickpeas,Indian,196,9,28,5,5,46,1,Snack,8,4.0
2165,Baked Paneer & Pasta Bowl with Salad,Mexican,362,26,3,27,11,120,1,Dinner,36,3.9
2166,Roasted Fish & Wrap Bowl with Spinach,Asian,428,45,12,22,3,155,0,Lunch,10,4.7
2167,Roasted Beans & Rice Bowl with Mixed Veggies,Mexican,574,37,81,11,12,52,1,Lunch,30,4.8
2168,Grilled Chicken with Pasta,Italian,523,43,74,6,11,117,0,Breakfast,11,4.5
2169,Creamy Tofu & Potato Bowl with Mixed Veggies,American,854,36,121,25,8,92,1,Lunch,14,4.6
2170,Roasted Fish & Potato Bowl with Broccoli,Mexican,509,48,36,19,7,173,0,Dinner,10,4.5
2171,Creamy Lentils & Potato Bowl with Mixed Veggies,Mexican,1020,44,121,40,17,133,1,Dinner,44,3.8
2172,Grilled Turkey Bites,Italian,267,28,20,8,3,39,0,Snack,9,3.6
2173,Roasted Egg & Oats Bowl with Spinach,Mexican,675,24,99,20,3,129,0,Lunch,14,4.9
2174,Roasted Paneer,American,202,8,33,4,4,41,1,Snack,6,5.0
2175,Greek Yogurt with Honey,Asian,209,23,9,9,2,71,0,Snack,7,4.0
2176,Oats with Fruits & Nuts,Indian,522,22,88,9,8,59,1,Breakfast,18,4.1
2177,Wrap with Salad,Asian,490,39,65,8,13,85,1,Breakfast,32,4.6
2178,Creamy Beef & Rice Bowl with Broccoli,Italian,1008,36,144,32,4,163,0,Dinner,21,3.6
2179,Grilled Chicken Bites,Mexican,197,23,6,9,3,76,0,Snack,6,3.5
2180,Baked Lentils & Bread Bowl with Spinach,Mediterranean,499,36,41,21,7,89,1,Lunch,18,4.4
2181,Greek Yogurt with Honey,Mediterranean,274,21,43,2,3,80,0,Snack,6,4.6
2182,Mild Turkey with Rice,Mediterranean,433,28,42,17,2,104,0,Breakfast,31,4.6
2183,Roasted Beans,Asian,219,9,41,2,6,32,1,Snack,9,4.2
2184,Greek Yogurt with Honey,Asian,262,24,37,2,2,88,0,Snack,3,4.3
2185,Fried Tofu & Rice Bowl with Salad,Italian,984,23,144,35,10,70,1,Lunch,30,3.6
2186,Roasted Lentils,Mediterranean,344,13,37,16,6,41,1,Snack,3,4.1
2187,Fried Egg & Oats Bowl with Mushroom,Indian,937,31,120,37,2,108,0,Dinner,13,4.9
2188,Wrap with Broccoli,Indian,870,33,132,23,11,47,1,Breakfast,15,4.9
2189,Grilled Turkey Bites,Asian,194,32,12,2,1,47,0,Snack,9,4.7
2190,Spicy Turkey & Quinoa Bowl with Broccoli,American,458,47,40,12,9,153,0,Lunch,41,3.8
2191,Grilled Egg & Quinoa Bowl with Broccoli,Indian,398,45,5,22,8,145,0,Dinner,10,4.3
2192,Grilled Turkey Bites,American,234,26,21,5,3,80,0,Snack,9,4.9
2193,Grilled Pork & Oats Bowl with Salad,Italian,671,46,83,17,7,87,0,Lunch,31,4.9
2194,Grilled Chicken Bites,Asian,257,22,8,15,3,69,0,Snack,5,4.6
2195,Roasted Fish with Rice,Indian,650,41,81,18,3,150,0,Breakfast,20,3.8
2196,Baked Paneer & Pasta Bowl with Mixed Veggies,Mexican,574,25,102,7,12,90,1,Lunch,38,5.0
2197,Grilled Turkey Bites,Mediterranean,391,20,44,15,4,69,0,Snack,6,4.7
2198,Baked Beans & Bread Bowl with Broccoli,American,511,39,23,29,6,141,1,Dinner,6,3.6
2199,Creamy Pork with Wrap,Indian,505,43,42,18,9,118,0,Breakfast,25,4.6
2200,Creamy Egg & Rice Bowl with Broccoli,Asian,907,22,150,24,3,127,0,Lunch,30,4.9
2201,Fried Egg & Wrap Bowl with Mushroom,Asian,800,55,61,37,10,133,0,Lunch,16,4.2
2202,Roasted Tofu & Pasta Bowl with Broccoli,Indian,574,36,64,19,4,88,1,Lunch,8,4.7
2203,Mild Chickpeas & Rice Bowl with Spinach,Asian,651,34,86,19,10,79,1,Dinner,22,4.4
2204,Oats with Mixed Veggies,Indian,975,38,131,33,7,46,1,Breakfast,36,4.5
2205,Grilled Turkey with Pasta,American,597,45,90,6,9,91,0,Breakfast,16,4.1
2206,Wrap with Salad,American,519,36,46,21,13,40,1,Breakfast,31,3.6
2207,Roasted Beef & Pasta Bowl with Salad,Mexican,444,49,12,22,12,172,0,Dinner,42,3.9
2208,Roasted Paneer,Mediterranean,273,11,41,7,5,24,1,Snack,5,4.9
2209,Baked Turkey with Potato,Mediterranean,421,38,51,7,11,120,0,Breakfast,13,5.0
2210,Fried Paneer & Rice Bowl with Spinach,Italian,974,19,170,24,10,53,1,Dinner,19,3.8
2211,Grilled Fish & Wrap Bowl with Mushroom,Italian,635,46,99,6,3,69,0,Lunch,39,4.4
2212,Greek Yogurt with Honey,Mediterranean,350,20,22,20,2,83,0,Snack,2,4.4
2213,Pasta with Salad,Mexican,541,21,67,21,9,97,1,Breakfast,12,3.7
2214,Spicy Chicken with Pasta,Italian,633,37,67,24,5,106,0,Breakfast,27,3.6
2215,Baked Fish with Oats,Asian,510,26,63,17,6,119,0,Breakfast,39,3.9
2216,Oats with Fruits & Nuts,Italian,684,24,126,9,9,77,1,Breakfast,29,4.3
2217,Fried Egg & Quinoa Bowl with Mixed Veggies,American,551,45,50,19,6,133,0,Lunch,18,4.6
2218,Mild Egg with Wrap,Asian,475,44,34,18,11,145,0,Breakfast,6,3.6
2219,Creamy Chickpeas & Quinoa Bowl with Spinach,Asian,656,31,56,34,9,69,1,Lunch,13,4.4
2220,Spicy Egg & Potato Bowl with Mixed Veggies,Italian,552,25,68,20,10,95,0,Lunch,44,3.6
2221,Baked Fish & Wrap Bowl with Spinach,Mexican,486,35,21,29,5,80,0,Dinner,16,4.2
2222,Spicy Egg with Rice,Mexican,642,22,109,13,3,134,0,Breakfast,34,4.0
2223,Fried Lentils & Bread Bowl with Spinach,Italian,585,24,84,17,10,79,1,Lunch,32,4.9
2224,Spicy Paneer & Pasta Bowl with Salad,Mexican,484,43,35,19,11,73,1,Dinner,14,4.7
2225,Roasted Beef & Wrap Bowl with Mixed Veggies,American,458,48,12,24,6,119,0,Lunch,37,4.4
2226,Grilled Beef Bites,Indian,199,28,12,4,1,56,0,Snack,9,3.6
2227,Creamy Chicken & Rice Bowl with Spinach,Mexican,781,30,97,30,3,116,0,Lunch,20,5.0
2228,Creamy Turkey with Bread,Italian,599,30,54,29,8,147,0,Breakfast,11,4.3
2229,Roasted Beans & Potato Bowl with Mushroom,American,659,33,120,5,12,79,1,Lunch,21,4.6
2230,Greek Yogurt with Honey,American,278,24,36,4,3,50,0,Snack,3,3.7
2231,Grilled Egg Bites,Asian,401,24,31,20,3,76,0,Snack,2,3.7
2232,Creamy Paneer & Potato Bowl with Spinach,Asian,878,26,135,26,12,57,1,Lunch,23,3.6
2233,Spicy Pork & Pasta Bowl with Salad,American,560,48,71,9,11,112,0,Lunch,31,3.8
2234,Baked Chicken & Pasta Bowl with Salad,Italian,520,49,18,28,9,149,0,Dinner,40,4.8
2235,Bread with Mixed Veggies,Asian,813,24,120,26,7,118,1,Breakfast,19,3.5
2236,Spicy Fish & Potato Bowl with Mushroom,Indian,598,60,53,16,10,147,0,Dinner,39,4.1
2237,Potato with Broccoli,Asian,583,12,113,9,13,95,1,Breakfast,20,4.2
2238,Roasted Beans & Oats Bowl with Broccoli,Mexican,535,32,65,16,14,87,1,Dinner,27,3.5
2239,Mild Lentils & Rice Bowl with Mushroom,American,609,19,106,12,10,66,1,Lunch,32,4.1
2240,Grilled Egg Bites,Mexican,273,20,41,3,3,61,0,Snack,3,3.8
2241,Roasted Paneer,Indian,184,8,31,3,3,37,1,Snack,8,4.4
2242,Fried Fish & Potato Bowl with Mushroom,Asian,830,47,79,36,3,111,0,Dinner,42,3.7
2243,Roasted Lentils,Mediterranean,266,5,54,3,4,36,1,Snack,5,4.6
2244,Greek Yogurt with Honey,Mediterranean,457,7,55,23,6,32,1,Snack,2,4.7
2245,Creamy Egg & Quinoa Bowl with Salad,Italian,738,45,58,36,8,101,0,Dinner,7,3.6
2246,Mild Turkey & Oats Bowl with Broccoli,Mexican,474,31,60,12,12,169,0,Dinner,33,3.7
2247,Roasted Lentils,Asian,123,12,3,7,6,28,1,Snack,3,3.5
2248,Mild Fish & Quinoa Bowl with Salad,Italian,713,52,108,8,8,71,0,Dinner,12,3.6
2249,Spicy Turkey with Potato,Asian,402,52,1,21,5,128,0,Breakfast,44,3.6
2250,Mild Chicken & Rice Bowl with Mixed Veggies,Mediterranean,554,52,64,10,10,148,0,Lunch,21,4.0
2251,Mild Fish & Wrap Bowl with Spinach,Mediterranean,503,57,12,25,3,123,0,Dinner,30,4.1
2252,Grilled Fish Bites,Italian,164,18,7,7,2,69,0,Snack,9,4.6
2253,Roasted Lentils & Quinoa Bowl with Broccoli,Asian,601,25,102,10,12,110,1,Dinner,29,3.8
2254,Grilled Lentils & Oats Bowl with Salad,Italian,319,22,10,21,12,54,1,Lunch,41,4.6
2255,Spicy Fish & Quinoa Bowl with Mushroom,Italian,464,63,12,18,11,100,0,Dinner,17,4.3
2256,Fried Beans & Oats Bowl with Mushroom,American,952,37,158,19,9,91,1,Dinner,8,4.8
2257,Grilled Fish Bites,American,302,19,11,20,1,57,0,Snack,7,4.8
2258,Grilled Chicken with Quinoa,Asian,417,55,38,5,10,93,0,Breakfast,44,4.9
2259,Greek Yogurt with Honey,Asian,155,6,21,5,7,27,1,Snack,2,4.3
2260,Fried Tofu & Rice Bowl with Mixed Veggies,Italian,1126,45,153,37,13,77,1,Dinner,23,4.5
2261,Grilled Chicken Bites,Indian,222,16,23,7,3,60,0,Snack,4,4.6
2262,Fried Egg & Oats Bowl with Spinach,American,692,51,54,30,8,154,0,Dinner,35,4.6
2263,Mild Paneer & Potato Bowl with Mushroom,Asian,502,41,21,28,9,142,1,Dinner,9,4.3
2264,Grilled Turkey Bites,Mediterranean,170,18,6,8,4,95,0,Snack,8,4.9
2265,Mild Pork with Pasta,American,382,35,44,7,11,87,0,Breakfast,25,3.6
2266,Grilled Egg & Bread Bowl with Salad,Mediterranean,553,60,24,24,2,143,0,Dinner,31,4.8
2267,Baked Beef & Quinoa Bowl with Mixed Veggies,American,657,44,82,17,10,118,0,Lunch,23,4.2
2268,Baked Pork & Wrap Bowl with Broccoli,Italian,455,26,69,8,3,95,0,Lunch,20,4.9
2269,Oats with Fruits & Nuts,Mexican,520,23,64,19,7,65,1,Breakfast,5,4.6
2270,Pasta with Broccoli,American,458,35,48,14,14,81,1,Breakfast,17,3.6
2271,Spicy Beans & Wrap Bowl with Spinach,Indian,615,16,77,27,10,134,1,Dinner,35,4.7
2272,Baked Chickpeas & Quinoa Bowl with Spinach,Indian,435,24,51,15,11,88,1,Dinner,25,4.5
2273,Potato with Spinach,Mediterranean,442,25,45,18,10,108,1,Breakfast,21,4.1
2274,Oats with Fruits & Nuts,Mediterranean,353,11,48,13,14,105,1,Breakfast,28,4.8
2275,Grilled Turkey Bites,Mediterranean,213,22,20,5,2,66,0,Snack,7,4.0
2276,Roasted Lentils,Italian,267,15,42,4,4,46,1,Snack,9,4.5
2277,Spicy Egg with Bread,Mexican,683,37,118,7,3,85,0,Breakfast,44,3.8
2278,Spicy Paneer & Wrap Bowl with Mushroom,American,607,36,64,23,13,68,1,Dinner,37,4.9
2279,Oats with Fruits & Nuts,Indian,423,33,43,13,14,44,1,Breakfast,38,4.8
2280,Greek Yogurt with Honey,Indian,409,24,42,16,3,57,0,Snack,3,4.7
2281,Fried Fish & Rice Bowl with Spinach,American,682,62,50,26,10,118,0,Dinner,8,4.9
2282,Mild Chicken & Rice Bowl with Mixed Veggies,Italian,518,27,71,14,10,91,0,Lunch,14,4.4
2283,Greek Yogurt with Honey,American,376,28,23,19,1,42,0,Snack,8,4.3
2284,Roasted Paneer & Quinoa Bowl with Mixed Veggies,Indian,689,15,132,11,8,46,1,Lunch,20,4.3
2285,Pasta with Mushroom,Mexican,798,25,100,33,6,55,1,Breakfast,21,3.6
2286,Mild Beans & Wrap Bowl with Mushroom,Mediterranean,335,19,22,19,14,95,1,Lunch,8,3.6
2287,Roasted Lentils,Indian,353,12,35,18,3,42,1,Snack,4,4.1
2288,Grilled Egg Bites,Mexican,177,23,16,2,3,72,0,Snack,9,4.8
2289,Oats with Fruits & Nuts,Asian,314,21,32,11,7,117,1,Breakfast,36,4.4
2290,Spicy Pork & Quinoa Bowl with Mushroom,Italian,444,25,43,19,8,112,0,Dinner,31,4.7
2291,Roasted Tofu,Italian,312,11,22,20,4,36,1,Snack,7,3.9
2292,Grilled Pork & Quinoa Bowl with Mixed Veggies,Indian,453,55,11,21,10,132,0,Lunch,8,4.3
2293,Baked Paneer & Potato Bowl with Mushroom,Italian,404,14,24,28,16,120,1,Dinner,40,3.7
2294,Oats with Fruits & Nuts,Indian,404,14,55,14,8,57,1,Breakfast,20,4.7
2295,Grilled Egg & Pasta Bowl with Mushroom,Mexican,834,24,119,29,11,175,0,Dinner,39,5.0
2296,Fried Pork & Wrap Bowl with Spinach,Italian,734,30,90,28,11,144,0,Dinner,18,4.7
2297,Grilled Fish Bites,Indian,258,15,29,9,0,72,0,Snack,5,4.9
2298,Grilled Tofu & Potato Bowl with Mushroom,Mediterranean,305,19,25,14,10,77,1,Lunch,41,4.8
2299,Spicy Lentils & Bread Bowl with Broccoli,Asian,527,20,64,21,11,105,1,Lunch,38,4.4
2300,Fried Paneer & Bread Bowl with Mushroom,Asian,714,15,125,17,5,49,1,Dinner,7,4.3
2301,Oats with Fruits & Nuts,American,787,29,100,30,10,40,1,Breakfast,22,3.5
2302,Spicy Beans & Wrap Bowl with Spinach,Mediterranean,602,27,103,9,5,78,1,Lunch,11,4.2
2303,Mild Chicken with Quinoa,Mexican,551,45,43,22,11,132,0,Breakfast,43,3.6
2304,Fried Tofu & Wrap Bowl with Spinach,Mexican,644,30,72,26,8,84,1,Lunch,39,4.7
2305,Creamy Fish & Oats Bowl with Broccoli,Indian,931,59,97,34,9,135,0,Dinner,32,3.6
2306,Creamy Tofu & Bread Bowl with Mushroom,Mediterranean,677,13,82,33,16,66,1,Dinner,7,4.2
2307,Fried Fish with Bread,American,762,40,69,36,2,112,0,Breakfast,5,3.7
2308,Baked Lentils & Quinoa Bowl with Broccoli,Mediterranean,677,18,92,26,14,90,1,Dinner,16,3.5
2309,Greek Yogurt with Honey,Mediterranean,268,27,22,8,3,87,0,Snack,6,3.9
2310,Greek Yogurt with Honey,American,200,29,16,2,1,79,0,Snack,5,4.5
2311,Spicy Beef with Potato,American,690,23,104,20,6,104,0,Breakfast,30,3.7
2312,Spicy Chicken & Quinoa Bowl with Spinach,Indian,578,36,65,19,12,96,0,Dinner,27,4.2
2313,Roasted Beans,American,273,14,49,2,5,41,1,Snack,6,4.1
2314,Roasted Lentils & Wrap Bowl with Salad,Mexican,370,29,34,13,5,95,1,Lunch,16,4.3
2315,Grilled Lentils & Potato Bowl with Mixed Veggies,Indian,589,17,114,7,14,76,1,Lunch,5,4.4
2316,Bread with Spinach,Indian,491,25,86,5,7,61,1,Breakfast,14,4.4
2317,Baked Fish with Bread,American,664,45,87,15,8,105,0,Breakfast,14,3.6
2318,Grilled Chicken Bites,Italian,189,28,3,7,3,51,0,Snack,4,3.9
2319,Grilled Beef Bites,American,186,33,4,4,3,44,0,Snack,7,4.4
2320,Oats with Fruits & Nuts,American,728,38,92,23,6,55,1,Breakfast,28,4.3
2321,Grilled Egg & Potato Bowl with Mushroom,Mediterranean,420,41,12,23,11,81,0,Lunch,37,4.0
2322,Baked Turkey with Bread,Indian,341,51,23,5,11,77,0,Breakfast,39,4.2
2323,Spicy Fish with Potato,Mexican,422,41,24,18,6,152,0,Breakfast,30,3.9
2324,Greek Yogurt with Honey,Italian,125,12,8,5,5,35,1,Snack,7,4.9
2325,Baked Fish & Rice Bowl with Spinach,Mediterranean,624,39,78,17,10,78,0,Lunch,40,3.7
2326,Creamy Chicken with Rice,Asian,824,37,119,22,7,91,0,Breakfast,11,3.7
2327,Greek Yogurt with Honey,American,191,6,35,3,3,34,1,Snack,4,3.6
2328,Spicy Beans & Oats Bowl with Broccoli,Italian,451,30,67,7,10,52,1,Lunch,40,4.1
2329,Roasted Egg & Quinoa Bowl with Spinach,Italian,518,35,78,7,8,134,0,Lunch,40,4.7
2330,Grilled Beef Bites,Asian,275,22,31,7,2,92,0,Snack,5,4.4
2331,Creamy Chicken with Wrap,Asian,728,31,74,34,11,147,0,Breakfast,25,4.9
2332,Baked Beans & Wrap Bowl with Broccoli,American,530,14,64,24,11,60,1,Dinner,30,4.9
2333,Greek Yogurt with Honey,American,227,21,15,9,2,59,0,Snack,5,4.2
2334,Fried Chicken & Rice Bowl with Mushroom,Mediterranean,893,55,109,26,2,108,0,Lunch,29,4.9
2335,Spicy Chicken & Potato Bowl with Salad,Italian,303,22,29,11,8,85,0,Lunch,34,4.4
2336,Grilled Egg Bites,Italian,275,27,37,2,3,61,0,Snack,3,4.7
2337,Fried Chickpeas & Wrap Bowl with Salad,Italian,917,24,155,22,7,122,1,Dinner,5,3.9
2338,Rice with Mixed Veggies,American,478,35,35,22,12,77,1,Breakfast,32,3.6
2339,Creamy Egg & Potato Bowl with Broccoli,Mexican,926,46,147,17,9,120,0,Dinner,18,3.7
2340,Spicy Chickpeas & Wrap Bowl with Mushroom,Mediterranean,577,20,99,11,12,120,1,Dinner,28,4.8
2341,Spicy Pork & Pasta Bowl with Salad,Asian,546,47,53,16,8,89,0,Lunch,38,3.8
2342,Quinoa with Spinach,Italian,454,38,30,20,8,41,1,Breakfast,30,5.0
2343,Greek Yogurt with Honey,Asian,262,6,46,6,6,21,1,Snack,6,4.2
2344,Mild Pork & Wrap Bowl with Salad,Indian,672,41,73,24,5,168,0,Dinner,28,4.2
2345,Rice with Salad,American,404,25,46,13,12,83,1,Breakfast,15,4.3
2346,Roasted Turkey with Pasta,Italian,432,43,26,17,7,147,0,Breakfast,39,4.8
2347,Creamy Fish & Rice Bowl with Broccoli,American,722,24,102,24,8,91,0,Lunch,10,3.9
2348,Fried Turkey with Oats,Mexican,745,44,92,22,10,137,0,Breakfast,17,4.3
2349,Mild Beef & Wrap Bowl with Mixed Veggies,Asian,378,32,46,7,5,114,0,Lunch,20,3.5
2350,Roasted Beans & Wrap Bowl with Spinach,Mediterranean,659,20,86,26,14,140,1,Dinner,26,4.2
2351,Spicy Pork & Oats Bowl with Broccoli,Indian,460,33,41,18,4,119,0,Lunch,15,4.0
2352,Oats with Mushroom,Indian,550,19,84,15,5,104,1,Breakfast,21,3.7
2353,Oats with Fruits & Nuts,Indian,562,31,55,24,7,56,1,Breakfast,29,3.7
2354,Roasted Pork with Bread,Asian,676,48,87,15,9,121,0,Breakfast,9,4.4
2355,Mild Pork with Bread,Mediterranean,484,49,20,23,8,156,0,Breakfast,27,4.0
2356,Grilled Egg with Wrap,American,469,38,50,13,11,119,0,Breakfast,16,3.6
2357,Baked Turkey & Quinoa Bowl with Mushroom,Asian,425,48,8,22,3,151,0,Lunch,31,3.7
2358,Baked Pork & Rice Bowl with Broccoli,Italian,341,36,2,21,8,138,0,Lunch,41,4.8
2359,Mild Egg & Wrap Bowl with Salad,Asian,465,54,19,19,11,100,0,Lunch,6,4.2
2360,Greek Yogurt with Honey,Italian,155,24,1,6,3,64,0,Snack,6,4.6
2361,Fried Tofu & Potato Bowl with Spinach,Indian,603,12,66,32,10,92,1,Lunch,28,4.6
2362,Fried Egg & Oats Bowl with Mushroom,Asian,535,28,58,21,8,90,0,Lunch,33,4.7
2363,Creamy Turkey & Bread Bowl with Mixed Veggies,Asian,1024,51,142,28,9,163,0,Dinner,18,4.6
2364,Fried Chickpeas & Oats Bowl with Mushroom,Indian,772,13,135,20,14,112,1,Lunch,31,4.8
2365,Grilled Fish Bites,Mexican,223,27,17,5,1,89,0,Snack,4,3.6
2366,Spicy Lentils & Wrap Bowl with Mixed Veggies,American,553,14,61,28,10,73,1,Dinner,44,3.8
2367,Mild Beans & Potato Bowl with Mixed Veggies,Mexican,622,15,77,28,13,64,1,Dinner,35,4.0
2368,Oats with Fruits & Nuts,Mexican,487,39,33,22,10,101,1,Breakfast,9,4.2
2369,Grilled Chickpeas & Bread Bowl with Salad,Mexican,317,23,33,10,11,112,1,Lunch,11,4.6
2370,Creamy Chickpeas & Potato Bowl with Mushroom,Asian,851,36,134,19,13,122,1,Dinner,29,4.6
2371,Creamy Tofu & Rice Bowl with Mixed Veggies,Indian,774,12,105,34,7,88,1,Dinner,24,3.6
2372,Grilled Beef Bites,American,315,31,11,16,3,74,0,Snack,3,3.7
2373,Spicy Turkey & Bread Bowl with Mixed Veggies,Indian,765,32,145,6,3,129,0,Dinner,5,3.6
2374,Fried Pork & Quinoa Bowl with Salad,American,696,25,108,18,8,126,0,Lunch,30,3.7
2375,Fried Chickpeas & Oats Bowl with Salad,Mexican,541,37,44,24,13,102,1,Lunch,23,4.8
2376,Mild Chickpeas & Potato Bowl with Broccoli,Mediterranean,452,42,14,25,9,87,1,Dinner,23,4.9
2377,Greek Yogurt with Honey,Asian,234,25,20,6,2,89,0,Snack,9,4.1
2378,Roasted Fish & Quinoa Bowl with Salad,Indian,633,34,74,22,4,125,0,Lunch,9,4.2
2379,Oats with Fruits & Nuts,Mexican,777,35,100,26,8,60,1,Breakfast,27,4.1
2380,Fried Turkey & Quinoa Bowl with Spinach,Mexican,887,27,136,26,6,129,0,Lunch,26,3.9
2381,Roasted Chickpeas,Mediterranean,282,12,22,16,8,18,1,Snack,9,4.3
2382,Spicy Chickpeas & Pasta Bowl with Mixed Veggies,American,483,13,49,26,16,95,1,Dinner,6,4.1
2383,Baked Pork & Rice Bowl with Broccoli,American,548,39,50,21,3,130,0,Dinner,35,4.3
2384,Grilled Chicken Bites,American,379,17,35,19,3,48,0,Snack,7,4.3
2385,Roasted Tofu,Mediterranean,128,7,18,3,7,46,1,Snack,6,3.9
2386,Grilled Fish Bites,Mediterranean,217,26,12,7,2,59,0,Snack,5,4.5
2387,Creamy Fish with Rice,Mexican,496,35,53,16,6,135,0,Breakfast,13,5.0
2388,Spicy Lentils & Quinoa Bowl with Mixed Veggies,Asian,432,40,11,25,9,138,1,Dinner,10,3.9
2389,Oats with Fruits & Nuts,American,789,32,104,27,12,56,1,Breakfast,26,4.6
2390,Roasted Chickpeas,Mexican,189,5,35,3,4,41,1,Snack,6,4.2
2391,Spicy Paneer & Oats Bowl with Mushroom,Asian,448,20,67,11,12,134,1,Dinner,35,4.4
2392,Spicy Tofu & Bread Bowl with Mixed Veggies,Mexican,586,17,89,18,14,59,1,Lunch,36,4.2
2393,Mild Beef & Rice Bowl with Spinach,Mexican,372,45,0,21,6,122,0,Dinner,8,4.7
2394,Roasted Beans,Mediterranean,323,11,33,16,6,18,1,Snack,2,4.1
2395,Grilled Egg & Rice Bowl with Mixed Veggies,Italian,630,47,92,8,11,92,0,Dinner,29,4.0
2396,Mild Chickpeas & Pasta Bowl with Broccoli,Indian,468,27,51,17,13,71,1,Dinner,30,4.9
2397,Roasted Beans,Indian,182,8,33,2,5,28,1,Snack,4,4.0
2398,Mild Fish & Potato Bowl with Mixed Veggies,Mediterranean,711,42,84,23,3,135,0,Dinner,30,3.9
2399,Grilled Chickpeas & Bread Bowl with Mushroom,Asian,662,15,123,12,9,81,1,Lunch,43,4.2
2400,Roasted Pork with Quinoa,American,492,21,84,8,9,79,0,Breakfast,24,4.8
2401,Baked Fish & Oats Bowl with Mushroom,Mexican,305,33,16,12,6,95,0,Lunch,29,4.2
2402,Roasted Lentils & Quinoa Bowl with Salad,Italian,605,39,71,18,5,96,1,Lunch,9,3.7
2403,Creamy Turkey with Quinoa,Indian,497,53,26,20,7,140,0,Breakfast,28,3.8
2404,Grilled Chicken Bites,Indian,233,30,12,7,1,63,0,Snack,7,4.1
2405,Grilled Lentils & Rice Bowl with Broccoli,American,517,30,79,9,6,70,1,Lunch,44,4.3
2406,Grilled Pork & Oats Bowl with Spinach,Asian,596,43,72,15,5,159,0,Dinner,24,4.1
2407,Grilled Egg Bites,American,259,32,28,2,1,91,0,Snack,2,4.1
2408,Baked Chickpeas & Pasta Bowl with Salad,Mediterranean,366,21,39,14,13,55,1,Lunch,30,4.2
2409,Grilled Chicken Bites,Italian,200,30,2,8,1,72,0,Snack,5,4.7
2410,Greek Yogurt with Honey,Italian,137,13,7,6,5,19,1,Snack,3,4.9
2411,Creamy Chicken & Potato Bowl with Spinach,American,718,46,84,22,9,118,0,Dinner,18,4.1
2412,Creamy Pork & Bread Bowl with Broccoli,Mexican,512,36,49,19,9,154,0,Lunch,10,4.1
2413,Roasted Beef & Quinoa Bowl with Broccoli,Mediterranean,749,47,104,16,7,190,0,Dinner,34,4.1
2414,Roasted Lentils,Mediterranean,154,8,12,8,3,33,1,Snack,7,4.7
2415,Creamy Fish & Oats Bowl with Mixed Veggies,Mediterranean,597,49,41,26,5,93,0,Dinner,23,4.8
2416,Baked Turkey with Wrap,Italian,498,48,45,14,9,139,0,Breakfast,31,3.9
2417,Roasted Beans,Indian,313,4,36,17,3,22,1,Snack,2,4.9
2418,Baked Chickpeas & Bread Bowl with Spinach,Asian,486,40,23,26,12,129,1,Dinner,25,3.7
2419,Fried Pork with Pasta,Indian,783,49,70,34,8,73,0,Breakfast,44,4.9
2420,Greek Yogurt with Honey,Mexican,308,11,27,17,5,32,1,Snack,3,3.9
2421,Grilled Turkey Bites,Mediterranean,218,22,14,8,3,82,0,Snack,3,3.5
2422,Baked Fish & Pasta Bowl with Mixed Veggies,Mediterranean,409,43,14,20,8,83,0,Dinner,34,3.6
2423,Mild Beans & Wrap Bowl with Spinach,Mediterranean,737,36,130,8,12,118,1,Dinner,25,4.4
2424,Mild Chicken & Quinoa Bowl with Broccoli,Indian,745,50,113,10,11,157,0,Dinner,10,4.3
2425,Creamy Turkey & Wrap Bowl with Broccoli,Mediterranean,676,26,66,34,10,97,0,Lunch,24,4.3
2426,Mild Turkey & Wrap Bowl with Salad,Italian,615,42,64,21,8,169,0,Dinner,19,4.6
2427,Baked Pork with Potato,American,433,37,53,8,11,90,0,Breakfast,28,4.6
2428,Mild Egg with Quinoa,Mediterranean,658,29,83,23,4,147,0,Breakfast,20,4.8
2429,Bread with Salad,Asian,945,24,135,34,7,115,1,Breakfast,5,3.9
2430,Fried Lentils & Oats Bowl with Mushroom,Indian,707,28,97,23,7,140,1,Dinner,32,3.9
2431,Baked Chickpeas & Bread Bowl with Mushroom,American,749,17,127,19,5,126,1,Dinner,26,4.3
2432,Roasted Beans,Indian,444,4,62,20,5,33,1,Snack,3,4.6
2433,Pasta with Mushroom,Mediterranean,464,23,57,16,7,61,1,Breakfast,16,4.1
2434,Grilled Beef & Bread Bowl with Mushroom,Indian,734,53,110,9,5,163,0,Dinner,41,4.5
2435,Roasted Beef with Oats,Asian,674,35,79,24,6,132,0,Breakfast,7,4.1
2436,Creamy Tofu & Rice Bowl with Mushroom,Mediterranean,651,37,78,21,15,65,1,Lunch,21,3.8
2437,Roasted Chickpeas,American,359,11,33,20,6,30,1,Snack,5,3.8
2438,Baked Egg & Oats Bowl with Spinach,Italian,731,33,95,24,12,78,0,Dinner,22,4.4
2439,Baked Egg & Quinoa Bowl with Spinach,Mexican,567,49,59,15,6,100,0,Dinner,31,3.6
2440,Roasted Chickpeas & Oats Bowl with Broccoli,Indian,464,17,87,5,13,56,1,Lunch,23,5.0
2441,Oats with Fruits & Nuts,Mediterranean,397,37,21,18,6,111,1,Breakfast,34,3.9
2442,Greek Yogurt with Honey,Italian,166,12,20,4,6,29,1,Snack,4,4.1
2443,Greek Yogurt with Honey,Italian,248,21,27,6,2,58,0,Snack,6,4.1
2444,Spicy Egg with Oats,Indian,518,49,58,10,5,140,0,Breakfast,24,3.7
2445,Greek Yogurt with Honey,Indian,201,10,22,8,4,46,1,Snack,7,4.0
2446,Roasted Chicken & Quinoa Bowl with Mushroom,Mexican,683,62,68,18,8,167,0,Dinner,41,3.8
2447,Fried Lentils & Quinoa Bowl with Salad,Asian,490,37,45,18,9,106,1,Lunch,18,4.6
2448,Fried Chicken with Quinoa,Asian,753,43,107,17,6,112,0,Breakfast,26,4.9
2449,Greek Yogurt with Honey,Italian,454,15,49,22,5,25,1,Snack,5,3.8
2450,Pasta with Salad,Mediterranean,555,13,83,19,10,104,1,Breakfast,23,4.5
2451,Grilled Beef & Quinoa Bowl with Broccoli,Mexican,408,50,18,15,11,82,0,Lunch,36,4.3
2452,Spicy Lentils & Wrap Bowl with Broccoli,American,540,47,31,25,14,136,1,Dinner,34,4.8
2453,Roasted Paneer,Italian,253,9,34,9,5,45,1,Snack,3,3.8
2454,Spicy Beans & Bread Bowl with Mushroom,American,624,33,80,19,11,111,1,Lunch,35,4.0
2455,Grilled Turkey & Bread Bowl with Salad,American,394,53,7,17,10,142,0,Lunch,12,3.6
2456,Grilled Chicken Bites,Asian,322,22,20,17,2,50,0,Snack,8,3.8
2457,Roasted Turkey & Rice Bowl with Salad,Italian,439,45,51,6,6,136,0,Lunch,29,4.4
2458,Mild Pork with Wrap,Asian,550,34,51,23,6,108,0,Breakfast,5,4.9
2459,Grilled Chicken Bites,Asian,233,30,12,7,2,49,0,Snack,4,4.9
2460,Grilled Chicken & Wrap Bowl with Spinach,Italian,423,45,33,12,2,84,0,Lunch,23,4.1
2461,Mild Fish with Wrap,Mexican,490,44,42,16,2,74,0,Breakfast,35,4.3
2462,Roasted Chickpeas,Mediterranean,339,11,35,17,5,23,1,Snack,4,4.2
2463,Creamy Beef & Potato Bowl with Salad,American,678,56,34,35,4,108,0,Dinner,18,4.1
2464,Fried Beef & Wrap Bowl with Mushroom,Italian,837,32,132,20,13,111,0,Dinner,30,3.6
2465,Roasted Pork & Pasta Bowl with Mixed Veggies,American,337,41,11,14,3,134,0,Lunch,31,4.9
2466,Roasted Turkey & Bread Bowl with Mushroom,Mexican,591,58,51,17,4,136,0,Dinner,9,4.7
2467,Creamy Egg & Bread Bowl with Broccoli,American,620,62,45,21,12,113,0,Dinner,7,3.8
2468,Greek Yogurt with Honey,Mexican,167,11,19,5,5,18,1,Snack,6,4.6
2469,Spicy Turkey with Oats,Mexican,585,37,75,15,4,138,0,Breakfast,15,4.5
2470,Roasted Fish with Rice,Mexican,608,43,84,11,5,102,0,Breakfast,25,4.3
2471,Greek Yogurt with Honey,American,170,27,6,4,3,50,0,Snack,3,4.6
2472,Pasta with Salad,Asian,615,39,90,11,12,45,1,Breakfast,36,4.3
2473,Spicy Lentils & Potato Bowl with Mixed Veggies,Mexican,435,39,29,18,8,41,1,Lunch,31,4.8
2474,Greek Yogurt with Honey,Asian,227,24,12,9,0,79,0,Snack,3,4.9
2475,Greek Yogurt with Honey,Mediterranean,203,27,12,5,3,68,0,Snack,5,4.8
2476,Roasted Beef with Bread,American,351,45,20,10,5,144,0,Breakfast,35,4.9
2477,Fried Chickpeas & Bread Bowl with Mushroom,Italian,947,38,138,27,8,142,1,Dinner,44,4.2
2478,Grilled Beef with Quinoa,American,690,41,82,22,4,93,0,Breakfast,43,3.5
2479,Greek Yogurt with Honey,Italian,381,29,34,14,1,65,0,Snack,2,3.8
2480,Greek Yogurt with Honey,Indian,135,12,17,2,5,44,1,Snack,3,3.8
2481,Wrap with Mixed Veggies,Asian,574,36,62,20,13,84,1,Breakfast,8,5.0
2482,Roasted Beans,Mexican,233,7,44,3,6,30,1,Snack,2,3.9
2483,Grilled Egg & Quinoa Bowl with Mixed Veggies,Asian,436,40,28,18,4,103,0,Dinner,30,4.8
2484,Mild Fish & Bread Bowl with Spinach,Asian,691,34,111,12,5,109,0,Lunch,16,4.6
2485,Baked Pork with Oats,Mediterranean,406,37,12,23,8,81,0,Breakfast,19,3.9
2486,Roasted Chickpeas,Italian,391,14,43,18,5,36,1,Snack,7,4.3
2487,Greek Yogurt with Honey,Asian,223,8,32,7,7,20,1,Snack,5,4.8
2488,Baked Pork & Quinoa Bowl with Mixed Veggies,American,414,42,34,12,7,156,0,Dinner,5,4.4
2489,Roasted Chicken & Pasta Bowl with Mixed Veggies,Mediterranean,666,39,93,15,6,79,0,Dinner,19,4.8
2490,Creamy Lentils & Pasta Bowl with Broccoli,Indian,632,16,76,29,13,46,1,Lunch,38,4.7
2491,Mild Beef & Oats Bowl with Mixed Veggies,American,535,48,47,17,5,145,0,Lunch,35,4.6
2492,Creamy Chickpeas & Potato Bowl with Salad,Mediterranean,784,26,107,28,13,54,1,Lunch,7,4.6
2493,Oats with Fruits & Nuts,American,496,23,78,10,8,109,1,Breakfast,41,4.4
2494,Grilled Pork Bites,Mexican,347,25,30,14,0,84,0,Snack,7,4.5
2495,Rice with Mushroom,American,424,34,36,16,8,60,1,Breakfast,12,3.8
2496,Creamy Pork with Wrap,American,724,55,83,19,5,105,0,Breakfast,41,4.6
2497,Roasted Egg & Wrap Bowl with Spinach,Indian,571,33,53,25,4,75,0,Dinner,15,3.8
2498,Greek Yogurt with Honey,American,260,15,36,6,6,19,1,Snack,9,3.6
2499,Wrap with Broccoli,Mexican,354,20,43,11,6,41,1,Breakfast,39,3.6
2500,Grilled Beef with Oats,Asian,512,25,71,14,3,85,0,Breakfast,26,3.6
